date,TRADE_ASSET,BENCHMARK
2016-01-04,100.48238201023452,101.06831639893683
2016-01-05,99.6000414144248,100.16315371593127
2016-01-06,99.64243931606644,100.04220015046674
2016-01-07,100.27214081580429,100.28133292564729
2016-01-08,100.81996529710682,100.69048969643836
2016-01-11,100.32673329624005,100.01605784407906
2016-01-12,100.2076477106092,100.2340989968941
2016-01-13,100.13208145976158,101.08586588144715
2016-01-14,100.54788443038196,100.54021762737875
2016-01-15,101.00010254654192,100.12848195905151
2016-01-18,101.3931714477051,100.07256227546048
2016-01-19,100.58069155828646,99.38926558363514
2016-01-20,101.11337940569862,100.89040761928962
2016-01-21,101.34378587385422,101.64340692095848
2016-01-22,102.02122062296948,102.61333111384828
2016-01-25,102.12957028129055,102.53102728718932
2016-01-26,100.9383349834238,101.7176426141614
2016-01-27,100.46488076374021,100.58959155619776
2016-01-28,100.03934725936344,100.84718510174628
2016-01-29,99.86077621104147,101.06547621153221
2016-02-01,100.33750529704666,102.13087305974342
2016-02-02,100.13044325084938,101.90618628149393
2016-02-03,98.69193304286226,101.03466683977062
2016-02-04,99.1029282462223,101.38936997215066
2016-02-05,98.86041907953485,101.81576414185234
2016-02-08,98.7213465643928,100.8592040516294
2016-02-09,98.47193866459115,101.18465918689905
2016-02-10,98.95779814860903,101.46703730970677
2016-02-11,99.32676264674441,101.05090610702004
2016-02-12,99.30080167988866,99.79268210438393
2016-02-15,97.07484917111519,98.50058792901015
2016-02-16,96.49391237411227,99.05168356649348
2016-02-17,96.365454324797,99.99425121438634
2016-02-18,97.18640304289875,100.69598811085388
2016-02-19,96.46209573282087,101.48876902215818
2016-02-22,95.43160915219865,100.88661647336046
2016-02-23,94.71584850859928,101.06767621509127
2016-02-24,94.42353496929682,100.64270644871118
2016-02-25,95.71658675335212,101.11011126138534
2016-02-26,95.89396899752003,100.82237279682096
2016-02-29,96.48740116868927,99.93921492792099
2016-03-01,95.45462291525536,100.14263960390825
2016-03-02,95.02188000690496,99.52744173443236
2016-03-03,94.78737495973574,98.93366292208802
2016-03-04,95.01642203320317,98.38450258989216
2016-03-07,96.89315739600927,99.35233804532359
2016-03-08,95.529229366095,99.65425128000038
2016-03-09,95.21335490488781,100.74487312944007
2016-03-10,95.99467418365137,100.21577012416394
2016-03-11,94.5238282031432,99.17814834113243
2016-03-14,94.55747521896798,98.60188692133333
2016-03-15,95.4507193048078,99.71861654968411
2016-03-16,94.60141846356107,99.42203090373219
2016-03-17,94.20802406059298,98.83478886881555
2016-03-18,94.84668970974501,99.26610986106316
2016-03-21,94.86661404064097,99.01308313936774
2016-03-22,94.61712229113931,99.84865650170207
2016-03-23,94.79246402565974,100.29807543434903
2016-03-24,95.7149130179348,101.25804105420613
2016-03-25,96.46521585593858,100.09457690307487
2016-03-28,96.73941744026455,100.23096961848262
2016-03-29,97.52999061322258,101.95433808432087
2016-03-30,97.40549737943556,102.71437921369537
2016-03-31,98.90954131825094,102.46889640876987
2016-04-01,98.6748994994913,102.16299469615764
2016-04-04,98.89949610648976,101.57481710929102
2016-04-05,100.18005837092394,103.36132248985557
2016-04-06,99.20907364404448,102.98248797427294
2016-04-07,99.08073334458685,102.45539554435832
2016-04-08,99.16734511037404,102.54614357329832
2016-04-11,99.85610423079835,101.35412558966728
2016-04-12,99.76597566789988,100.66429023003005
2016-04-13,99.9973570074615,100.83484018996869
2016-04-14,100.12044134157428,101.43491174636611
2016-04-15,102.13032071295176,101.3936433424397
2016-04-18,100.79763519037543,100.45435172667965
2016-04-19,102.05614770774238,101.77283109648887
2016-04-20,100.37416341226837,99.98435134893582
2016-04-21,99.87744368072538,99.869701529902
2016-04-22,97.51833940578048,98.63180182083204
2016-04-25,96.1281590312793,98.89275331706231
2016-04-26,99.52025724348688,100.69528828248208
2016-04-27,99.73568520062209,100.73163543754326
2016-04-28,99.65129780203644,101.22163418431718
2016-04-29,99.41591991682014,100.30484955904969
2016-05-02,99.28011066995458,100.11661361460807
2016-05-03,98.98364609874734,99.69845369980932
2016-05-04,99.14615550581651,99.72532326327138
2016-05-05,99.20572541932148,100.28586881416213
2016-05-06,99.22469693450162,100.64992132536581
2016-05-09,99.6668708773715,100.46461125211663
2016-05-10,100.02915074105003,100.76795353520566
2016-05-11,100.25844629890308,101.81628364220015
2016-05-12,100.92223073341664,101.69952165718654
2016-05-13,100.65478201274595,101.660212196017
2016-05-16,100.48603938431964,101.46898820644611
2016-05-17,100.62121159665594,101.52599562548428
2016-05-18,100.51261696320988,100.49271187998723
2016-05-19,99.97141105304391,101.06583443000885
2016-05-20,102.49407913304378,102.01914102532209
2016-05-23,102.29702256007242,102.55973984205934
2016-05-24,102.18370983638519,102.13540039822931
2016-05-25,103.1787136077358,102.31950381951019
2016-05-26,104.41430527578592,103.7586410598869
2016-05-27,104.24927807553104,104.30794247678283
2016-05-30,105.54747209347536,105.1738056330635
2016-05-31,105.50448371948,105.65159909311772
2016-06-01,106.71569370647731,106.15690743051158
2016-06-02,106.69439315248594,106.16115516226519
2016-06-03,107.7487680193087,106.33796245214708
2016-06-06,107.00117992420586,106.53025882855754
2016-06-07,106.57796574531719,105.87660450251555
2016-06-08,108.10375155854808,107.67489945161977
2016-06-09,108.21980366512823,107.55596540526564
2016-06-10,106.20194834857317,106.48769890756616
2016-06-13,105.44616698354687,106.57696946066491
2016-06-14,106.33559626428288,107.10797736658743
2016-06-15,107.19032046026418,107.41146174226239
2016-06-16,107.55660302314749,107.61546588659196
2016-06-17,107.51226762281345,108.18972323583115
2016-06-20,106.68338024220448,107.32231769146475
2016-06-21,105.9348832721994,106.8483549794803
2016-06-22,106.66843397001267,107.28325120960808
2016-06-23,107.26138733516433,108.18924499581848
2016-06-24,109.34190543625233,109.30025318936909
2016-06-27,110.96173720067566,111.39856662510606
2016-06-28,113.17661529513134,112.53919594188697
2016-06-29,111.40990717831885,111.43499459287922
2016-06-30,111.87766621348896,111.60025321164807
2016-07-01,110.03679713077383,109.73098071659477
2016-07-04,110.58783720436583,109.3725903277034
2016-07-05,111.24006292754302,109.40100450916329
2016-07-06,110.67951218497907,109.86524432831149
2016-07-07,111.53146873023555,110.33050975263367
2016-07-08,111.36624073601138,109.9418527514223
2016-07-11,108.62204219006432,109.28292118730928
2016-07-12,106.23954289274253,109.003533577698
2016-07-13,106.09018711352948,109.76209820074618
2016-07-14,107.23832414555541,109.87556043424378
2016-07-15,107.24970753227167,109.57745605980602
2016-07-18,104.86096643431569,109.44951656347979
2016-07-19,105.41348711777533,109.94694616640966
2016-07-20,106.07910093323414,110.17421860833667
2016-07-21,105.7455948289204,110.48060450907388
2016-07-22,104.91184048489774,110.69132447011198
2016-07-25,104.27001811359378,109.96148684239719
2016-07-26,104.597107608841,110.31797763579301
2016-07-27,103.88779372201968,110.54187849037105
2016-07-28,103.62386353121764,109.6399656360969
2016-07-29,103.49362505042623,109.59422509952125
2016-08-01,103.64559613458431,108.97187101841357
2016-08-02,103.96965329360842,108.53796037703631
2016-08-03,102.75967095432755,107.49823040071045
2016-08-04,101.80357865523774,107.27736774803809
2016-08-05,102.9251658201211,107.74158983331729
2016-08-08,102.7800085918031,107.26039609816098
2016-08-09,102.65200672787739,107.2415568070905
2016-08-10,102.71604239333439,106.56178698475706
2016-08-11,103.85106360365467,107.50489792766145
2016-08-12,103.86633724135817,108.26487267639348
2016-08-15,104.39207857393895,108.53647855358246
2016-08-16,104.84418749379296,108.68474878687017
2016-08-17,105.22660552771723,109.16804390419976
2016-08-18,105.10667124822493,107.79277864143259
2016-08-19,104.51799623287607,107.82948190804463
2016-08-22,105.39332618235888,110.35458109837342
2016-08-23,104.83841013735595,109.97585381542756
2016-08-24,104.52172156310486,109.73652964878214
2016-08-25,104.3584414478127,110.1537974877548
2016-08-26,104.97544371127955,111.62146259488274
2016-08-29,104.62679235285476,112.09285240330983
2016-08-30,103.62087644134729,110.07276886299022
2016-08-31,103.58450979023988,110.4456255874875
2016-09-01,104.73116026213756,112.84449588404732
2016-09-02,106.1947684235243,114.15584425705214
2016-09-05,105.94904906359717,113.2425710118437
2016-09-06,106.62991432638424,113.85696497126968
2016-09-07,104.11750323278481,111.52936331956612
2016-09-08,103.58397143927607,112.0623001453453
2016-09-09,103.43760082697713,111.35490913571438
2016-09-12,102.87187163663407,111.09181733569793
2016-09-13,103.18285167214245,110.72698750389607
2016-09-14,104.87156946499037,111.38279652938101
2016-09-15,104.0485960246546,111.9175243283426
2016-09-16,103.39862791404535,111.62486190985955
2016-09-19,103.51357127679444,111.34090993162533
2016-09-20,104.18387628205024,110.99465890220483
2016-09-21,104.64997224656601,110.0434758828591
2016-09-22,104.66370068696622,109.24725274779857
2016-09-23,104.99859303275501,109.53474671881449
2016-09-26,106.13783974594806,110.85452708765904
2016-09-27,103.16876171839968,108.79843107862735
2016-09-28,102.56648628326643,109.49609976252677
2016-09-29,101.38408088836198,108.35235780327284
2016-09-30,103.44197974548098,109.42893118556395
2016-10-03,106.36453435742791,110.44243285106899
2016-10-04,106.01942447592717,110.92396659892565
2016-10-05,106.49957467473503,112.61843585496271
2016-10-06,106.24730406495276,111.30376056364601
2016-10-07,105.8834275625901,110.88518983646958
2016-10-10,106.68077627006645,112.20809679072296
2016-10-11,105.97725963159034,110.84940249450399
2016-10-12,106.52215936970899,111.56194467978821
2016-10-13,107.1139024860386,112.74273279675666
2016-10-14,108.5465979331865,113.64759066256143
2016-10-17,108.88708571483359,114.24160530008054
2016-10-18,108.44660557577,115.21728610725384
2016-10-19,105.73427670751498,115.00236638758967
2016-10-20,108.13937610336937,116.42136311008768
2016-10-21,107.92510180861652,115.94588983806855
2016-10-24,107.2389153012108,114.92362112035657
2016-10-25,106.33667249159903,115.08846991194103
2016-10-26,106.55537390595377,114.29441993050764
2016-10-27,107.65889836458196,114.79509198438058
2016-10-28,107.53639023604629,114.81693495934948
2016-10-31,109.67705482649426,115.75045590149576
2016-11-01,110.10878250024602,116.2185410326467
2016-11-02,111.30020613544973,118.72169231353453
2016-11-03,111.34627596321742,118.6858462769264
2016-11-04,111.271017806308,118.35540412780314
2016-11-07,111.825009941863,119.4241902516689
2016-11-08,112.49536433767786,120.01349753522528
2016-11-09,111.70401823284246,120.60961082106925
2016-11-10,113.51718266590271,121.82965554210728
2016-11-11,113.4748329218981,121.64743161152161
2016-11-14,114.83241159778058,121.17029203972957
2016-11-15,114.39599424572997,119.76366638420812
2016-11-16,114.90349216728129,118.76073994993979
2016-11-17,114.6413771305445,118.90579294557514
2016-11-18,117.10228677344729,119.36154561765238
2016-11-21,115.06507452726835,119.14253991453927
2016-11-22,114.28498207998618,118.74373557374005
2016-11-23,114.0397842008813,118.45339005684212
2016-11-24,115.41672360187201,118.66396236213367
2016-11-25,116.00961243927894,119.46599662698208
2016-11-28,116.06967641122836,118.94724845662654
2016-11-29,116.12796883200556,118.30064556867454
2016-11-30,115.09822677792616,118.59084676231402
2016-12-01,114.25284413805873,118.38782434148828
2016-12-02,110.67607927100877,116.2062078866857
2016-12-05,111.85043647246404,117.35484993169277
2016-12-06,110.43074559803905,116.56535369960316
2016-12-07,110.53759566048531,116.91857531723306
2016-12-08,110.8232154058883,116.53509008407259
2016-12-09,112.22445639660454,118.81644547672062
2016-12-12,110.33610982179196,117.32740172977259
2016-12-13,110.86499923765156,118.75556828732985
2016-12-14,110.49662587673217,118.42771870350307
2016-12-15,110.19502500347886,118.8471134200579
2016-12-16,111.31037820846596,120.05605444414782
2016-12-19,111.96136569202066,121.29235926289918
2016-12-20,112.8884690261784,121.25725341523672
2016-12-21,113.43978205348586,122.38977742947125
2016-12-22,113.59513315332774,123.86235182132465
2016-12-23,114.5384083108605,124.2605632086067
2016-12-26,114.75442483668579,124.44018463846946
2016-12-27,115.09141023856098,124.27523151325748
2016-12-28,115.24874464340995,124.13520486075423
2016-12-29,115.27649819193384,125.45116026470771
2016-12-30,115.35480185854618,124.76722442327615
2017-01-02,115.15566322020356,123.96844147463264
2017-01-03,114.16036254764148,124.60213176791241
2017-01-04,114.95992241129377,125.57395332251713
2017-01-05,115.65232441486064,127.61262935100812
2017-01-06,115.76825240919908,127.36361616765379
2017-01-09,116.10280996569435,127.68802741217671
2017-01-10,117.17755966731644,127.85749776725663
2017-01-11,116.98624734987047,127.8781900157624
2017-01-12,116.58883536243378,126.30362895524752
2017-01-13,116.16169763271257,126.59346216030511
2017-01-16,116.42624644492383,127.02304754642509
2017-01-17,116.22006307395671,126.88086525204932
2017-01-18,116.72941610142253,126.91490448008844
2017-01-19,115.1813156443327,125.33319086090341
2017-01-20,115.17966950897434,125.90451181431803
2017-01-23,115.46651661369327,125.21747576485713
2017-01-24,115.09931779166638,125.40809465351121
2017-01-25,114.98287794360913,126.92431647505553
2017-01-26,114.88227023762754,128.01991321217184
2017-01-27,116.51538854636499,127.89033175408133
2017-01-30,116.72725890264886,127.63195310713246
2017-01-31,116.3363086827658,127.74511288846588
2017-02-01,116.0825378081264,127.56353123432822
2017-02-02,116.3941913493636,126.7063276079
2017-02-03,117.00641486215237,127.39115614667969
2017-02-06,117.02666067378435,127.42110148004504
2017-02-07,118.35611259593577,129.70628285609166
2017-02-08,117.89827410370266,129.25919251324618
2017-02-09,117.25754656783288,129.8045372562074
2017-02-10,113.30940827522386,126.43982319874362
2017-02-13,113.18231771463306,125.60722340757908
2017-02-14,113.39363142558574,126.30520177806328
2017-02-15,111.93059733377213,126.25545543814678
2017-02-16,113.22020348096792,126.35550754420098
2017-02-17,111.30319343292282,125.2223553615594
2017-02-20,111.03262093755765,124.04194713832084
2017-02-21,112.22327865177313,124.66347210167609
2017-02-22,113.05772839090045,125.8242296629253
2017-02-23,113.21729989340976,125.618699291968
2017-02-24,112.986989015392,125.31557648838559
2017-02-27,111.99512981123839,123.88610651836419
2017-02-28,111.50595934374672,123.13133891980432
2017-03-01,111.18745857235719,124.2613976441589
2017-03-02,112.26740864063626,125.0044350115715
2017-03-03,110.55878069010905,123.23131649883715
2017-03-06,110.74713104106732,123.13869094912357
2017-03-07,112.47582716763908,123.04025431970649
2017-03-08,112.35182168665752,122.24155850732659
2017-03-09,112.68578367691175,123.46359451199793
2017-03-10,112.97078259452043,123.55448054964413
2017-03-13,112.98268504806552,124.9880002003077
2017-03-14,113.18710658317708,125.06587241462918
2017-03-15,114.1838020802773,125.66960055582493
2017-03-16,114.50146048046264,126.37026644185028
2017-03-17,113.26727108402181,123.61996032073579
2017-03-20,113.11260294782868,123.70384917147916
2017-03-21,113.3978077277549,123.86378142714953
2017-03-22,112.57831197075832,124.5006307547003
2017-03-23,111.3824162253137,124.51875082157152
2017-03-24,112.21438864940683,124.20821128327782
2017-03-27,112.19851021550728,125.14908925780146
2017-03-28,111.00317084453326,124.2438268652354
2017-03-29,110.45486143571725,123.25689724758621
2017-03-30,111.24984396056135,123.91523244391377
2017-03-31,111.86120878730928,124.16378978322724
2017-04-03,110.8685598365595,124.72875096283495
2017-04-04,111.49546856642536,125.39651369236236
2017-04-05,112.03552674929362,125.91039185646812
2017-04-06,113.25297317458576,127.36849944627082
2017-04-07,113.9479444916891,128.65903245825606
2017-04-10,114.73655838136048,129.7794062271727
2017-04-11,114.51299450304128,130.77158371339877
2017-04-12,114.81869796362889,131.46733723997954
2017-04-13,115.46466066664685,132.03266964699964
2017-04-14,117.03391388799392,134.02767719186917
2017-04-17,115.73981476400897,133.16628319207786
2017-04-18,115.54081324218954,133.09354993889727
2017-04-19,115.87633023345127,134.70752179509532
2017-04-20,117.43609760383123,137.04266137554418
2017-04-21,117.50358484600818,137.10666232421516
2017-04-24,117.78866219346207,136.94392417885123
2017-04-25,117.39154948327442,137.91961826938638
2017-04-26,117.07907971637428,138.40765159435662
2017-04-27,116.52597992569483,138.33778368067362
2017-04-28,116.71456290362634,138.22142377922884
2017-05-01,116.38803006635948,138.31146703301096
2017-05-02,117.08615334622168,138.77740807087247
2017-05-03,117.2062499807129,138.33028285286625
2017-05-04,118.51052074913721,139.31168809593882
2017-05-05,118.67294995604425,139.666426945757
2017-05-08,120.27236531421883,140.41507499006283
2017-05-09,119.7496603099815,140.8689875246892
2017-05-10,120.08945654334869,142.20634832324603
2017-05-11,119.8864696702114,142.93013920201935
2017-05-12,117.92619828860597,141.43643696106187
2017-05-15,118.76377172265897,142.65863393522773
2017-05-16,118.71763140831413,142.7234138880288
2017-05-17,118.90284692137709,141.81620653613956
2017-05-18,117.85208614484492,141.72770624430157
2017-05-19,118.58617480479118,142.36586130751414
2017-05-22,119.34857675714451,145.11313676811181
2017-05-23,120.022673414482,146.86176435010927
2017-05-24,120.55271679718145,147.8744948084691
2017-05-25,119.82752658317371,147.63589540972995
2017-05-26,119.41371883011497,147.53003822408976
2017-05-29,120.9543523371157,147.7179573811854
2017-05-30,120.81561765067124,146.11303522279857
2017-05-31,122.05865189347006,146.20412558992322
2017-06-01,121.34752890758422,145.72301987227297
2017-06-02,120.67747281569845,143.46865232751261
2017-06-05,120.60207268743208,142.9794852550938
2017-06-06,120.09304499449335,142.4637475693904
2017-06-07,119.85909852118948,142.15545840806152
2017-06-08,119.8297668468646,141.6003503743611
2017-06-09,119.9362457012706,141.4077227095041
2017-06-12,124.74737154977889,146.0184739528741
2017-06-13,124.3152290716505,146.34958459264263
2017-06-14,124.89674092123583,146.26337611277077
2017-06-15,125.88167743328651,146.86703678329306
2017-06-16,126.27366998932558,147.1229976732584
2017-06-19,126.45441111004163,146.59033986980847
2017-06-20,122.36482824341768,143.33574310142566
2017-06-21,122.07287644469129,144.04538290425592
2017-06-22,120.89425797819435,142.94646383387217
2017-06-23,122.86364806219478,143.31689881572143
2017-06-26,120.45656414320783,141.7641791045111
2017-06-27,119.59835651293456,141.33740027813235
2017-06-28,119.01807785820012,139.31560162325403
2017-06-29,119.72608605405685,139.7652192673627
2017-06-30,119.2086476283417,140.188828219645
2017-07-03,117.90099246932577,139.75062180765005
2017-07-04,118.54224345347481,142.06631229458702
2017-07-05,119.59579958549025,143.85561438478007
2017-07-06,120.66977971662635,145.84551867010376
2017-07-07,120.19794070524212,148.01131349003987
2017-07-10,118.8461992959191,147.79871873722635
2017-07-11,118.80129074005362,147.94217100424285
2017-07-12,117.98466353581438,148.2767868041882
2017-07-13,118.25603473230606,147.99648608079045
2017-07-14,118.11160061441845,148.02229157749568
2017-07-17,115.4818343739635,145.66397538424937
2017-07-18,114.85088293725563,145.60321953341176
2017-07-19,115.89503973373027,145.79087624699682
2017-07-20,115.30103271988004,144.80816785275067
2017-07-21,114.95219370663466,144.95541387846265
2017-07-24,114.28357548710099,144.40091044999917
2017-07-25,114.41892788782695,142.8538379110854
2017-07-26,114.50664065853526,141.69504825209273
2017-07-27,115.48817672469185,141.41604073909994
2017-07-28,117.32921134926767,141.93502313134945
2017-07-31,117.46908414677029,142.40940074299243
2017-08-01,117.24829390038263,142.47773942951446
2017-08-02,119.12105179275925,144.66856205039394
2017-08-03,118.37453455716475,144.85229508900304
2017-08-04,118.12948516707782,145.64794733794312
2017-08-07,119.02996917778891,146.81938616733913
2017-08-08,118.95976224686538,146.9858311560103
2017-08-09,119.51252537353403,148.36040769024638
2017-08-10,121.07208640429961,150.2733104748478
2017-08-11,120.58149904388078,150.30756638308006
2017-08-14,121.958299885307,152.42785558134278
2017-08-15,125.05054682463124,152.4386009212489
2017-08-16,125.8587775396219,152.74530717888268
2017-08-17,124.66907503468778,151.7014891711181
2017-08-18,125.4740005998362,153.31971487624764
2017-08-21,124.55027443032148,154.1751359800324
2017-08-22,126.16001094392556,153.96042230067687
2017-08-23,124.64606676986858,154.27864282495548
2017-08-24,123.11396300649844,152.18213962337217
2017-08-25,122.38656463553667,150.67601201282818
2017-08-28,127.48266678716587,153.94507145210898
2017-08-29,126.67918331426662,153.14829529373267
2017-08-30,127.0763466115015,152.0109931988322
2017-08-31,126.16063838525618,152.03166438931763
2017-09-01,125.70034225384362,152.37673730535838
2017-09-04,125.93640294654212,153.5282680676054
2017-09-05,124.44180168269239,152.15755545127706
2017-09-06,121.8464117530552,150.40645989303093
2017-09-07,122.13598924993245,150.60568150489254
2017-09-08,122.5586557659649,152.4477870150506
2017-09-11,122.36651241920546,149.7543791147079
2017-09-12,122.92862026491758,149.30284518185837
2017-09-13,124.92056876755835,150.66829492674384
2017-09-14,125.88876913425698,150.35932984947715
2017-09-15,126.85877267464627,150.79356179519604
2017-09-18,127.33620613009727,151.02178389951683
2017-09-19,126.98007252199702,150.2237311223151
2017-09-20,126.77896557314841,150.18102871559756
2017-09-21,125.59056801871307,150.00281176805882
2017-09-22,126.53021405680589,150.43743027386566
2017-09-25,125.49282221225315,149.38008219530462
2017-09-26,124.04078532925442,148.31075059452
2017-09-27,124.60412243852308,148.70425357286757
2017-09-28,125.63491949103786,147.85782886019138
2017-09-29,125.39283520340715,148.14016866022882
2017-10-02,125.52919116504526,147.85752895981437
2017-10-03,126.05448246577895,149.3465649541714
2017-10-04,127.83473273100488,151.06612574827852
2017-10-05,126.85042541716203,151.51713140454984
2017-10-06,126.78168674092747,150.5831705703759
2017-10-09,128.12156081609595,151.153018890935
2017-10-10,127.61324735852683,149.72661233875155
2017-10-11,127.88955687681923,149.3013465988546
2017-10-12,128.539367817354,150.87008573594284
2017-10-13,127.57680239222778,151.62538294160262
2017-10-16,127.2105229738787,150.37176285855955
2017-10-17,128.20699284133087,150.63620859689303
2017-10-18,128.10614097228245,150.5322963873639
2017-10-19,128.43004757658875,151.30065340394285
2017-10-20,129.23006513855393,150.2517167137429
2017-10-23,128.93240734343811,148.6463034457966
2017-10-24,127.54379642976718,148.23220739122468
2017-10-25,127.31977123325544,146.38519217089475
2017-10-26,128.00496981815525,146.45533383873763
2017-10-27,127.95576316212576,146.59609560580677
2017-10-30,129.65781943498155,148.06352945631502
2017-10-31,129.46621550587153,147.84690067891975
2017-11-01,129.2936794252387,147.4436467410976
2017-11-02,131.53970179472086,149.62901789022072
2017-11-03,131.88151821958473,150.12884681667057
2017-11-06,131.2308922397752,149.16870125799193
2017-11-07,131.37621330927004,149.3231491185769
2017-11-08,128.41947319260905,147.84795113159421
2017-11-09,129.5878508661676,150.14157517732966
2017-11-10,129.4689530774267,150.80419694875198
2017-11-13,127.9166532613603,150.93886223618267
2017-11-14,128.35487815125455,150.70046639377705
2017-11-15,128.68155800385412,150.46759259029835
2017-11-16,130.24405628984124,151.29005147714795
2017-11-17,130.54152124566204,151.3800254055495
2017-11-20,129.69263276697433,149.953313671437
2017-11-21,128.80196517872,150.55589539446711
2017-11-22,129.9792536190437,152.14083857789433
2017-11-23,130.40473777308375,152.16614650999907
2017-11-24,128.38614685723627,151.48696475225364
2017-11-27,128.58804913973538,151.8508871173804
2017-11-28,130.80178258769703,153.97491713486883
2017-11-29,131.14982250600139,152.9891093447203
2017-11-30,130.89670067725757,152.72360016601604
2017-12-01,131.71594211762715,153.2266788097851
2017-12-04,130.05752898200993,152.76958764222488
2017-12-05,130.35947161015358,152.41917376220627
2017-12-06,133.2809806752306,152.04217445760804
2017-12-07,130.949648127895,149.62307360939292
2017-12-08,130.83037639235485,149.5232391609563
2017-12-11,130.83992032310442,149.61645602164756
2017-12-12,128.55086323555892,149.71822295477756
2017-12-13,129.36578147445638,150.7936602490888
2017-12-14,128.79925577117655,150.53438436363132
2017-12-15,128.0789629312778,150.07222121209162
2017-12-18,128.97528756825454,151.67411022476313
2017-12-19,129.23707642923873,151.33674229119785
2017-12-20,128.16144820034347,150.54687015441058
2017-12-21,128.36250357290382,149.72296820237267
2017-12-22,128.46570662636853,151.0937769875882
2017-12-25,128.52003828822754,151.5149665546436
2017-12-26,128.6179189453796,150.96553379368066
2017-12-27,128.92887132620817,151.09279386074925
2017-12-28,129.69808568821693,152.08083648072972
2017-12-29,124.85604979224128,148.75976563544927
2018-01-01,123.84218186042271,147.64808600882796
2018-01-02,122.52200242082709,146.2323270706628
2018-01-03,122.89632308889153,146.80469399810704
2018-01-04,123.10949588255014,146.65872464414403
2018-01-05,123.14725669707305,146.3135123841728
2018-01-08,121.75149316688419,144.25778903243233
2018-01-09,122.26044783892078,144.68551258039372
2018-01-10,122.01290005354156,144.3960030365494
2018-01-11,122.0480646636613,144.16910235248707
2018-01-12,122.5604236776335,144.70274855891068
2018-01-15,123.15776373169072,145.76900903598693
2018-01-16,124.2527706121616,147.12458689513142
2018-01-17,122.94661138452989,146.79130683065145
2018-01-18,124.63867942012605,147.7198237565428
2018-01-19,124.85102904644995,147.38524676615623
2018-01-22,127.11518604363957,147.9616238692029
2018-01-23,127.19995239956839,147.51889704880682
2018-01-24,128.85269550551106,148.62000732303122
2018-01-25,127.51021017434965,147.0969443128893
2018-01-26,128.7797012804899,148.01661507262762
2018-01-29,128.52147408177706,147.02555618949668
2018-01-30,128.1938543238621,145.38357763154195
2018-01-31,129.0735003853413,146.67610308860813
2018-02-01,129.21622961675087,146.377133390459
2018-02-02,129.16473586373215,145.63919041233996
2018-02-05,129.24400434682798,144.76163455452223
2018-02-06,129.1512614747252,145.10089025192104
2018-02-07,129.70184613608845,146.66713116022174
2018-02-08,130.63559612289293,146.9224960549422
2018-02-09,130.2001198100436,146.49248094312412
2018-02-12,129.91388548138218,147.28656701599155
2018-02-13,130.75187995481764,146.2386285531055
2018-02-14,130.72427663342583,147.97668929620644
2018-02-15,128.08849761439527,148.53530323942903
2018-02-16,128.44831335777985,146.3825795881192
2018-02-19,128.28947320025642,146.22665966516945
2018-02-20,128.6721882372936,145.8650536924752
2018-02-21,129.1694539157106,145.97254102295923
2018-02-22,131.4213135600547,147.03493593868677
2018-02-23,129.79861278328823,146.78196668083973
2018-02-26,129.7132383905939,146.65908387003367
2018-02-27,129.10184392937424,145.50666163313875
2018-02-28,128.2351561636948,144.8481892255611
2018-03-01,127.94055378117841,145.1415295711471
2018-03-02,128.1518037482403,144.27152344765875
2018-03-05,128.2984124056367,142.96612739512548
2018-03-06,128.34334198724366,144.73162533300317
2018-03-07,128.04451215961885,144.01735168218542
2018-03-08,127.87300102832666,143.82136946782788
2018-03-09,127.70735323113969,143.40439576274815
2018-03-12,126.76520790289007,143.32279417468456
2018-03-13,126.34510812303468,144.61471158223273
2018-03-14,127.55368178496876,145.90767022394664
2018-03-15,126.85698473822262,144.16928453030437
2018-03-16,127.30019141570136,143.2778602273861
2018-03-19,126.4131107123655,142.41440802218796
2018-03-20,125.55782178104427,141.68373627379307
2018-03-21,124.58933636288458,139.64715846286578
2018-03-22,125.78302031951935,141.09747337462744
2018-03-23,125.44181067634747,139.99551624634952
2018-03-26,126.66370063878007,142.02785770236378
2018-03-27,125.54359596165466,142.9169619313186
2018-03-28,126.69144507169202,143.4513493723465
2018-03-29,123.38073113274632,141.79608992800593
2018-03-30,124.25876707191665,141.3313359644177
2018-04-02,124.53987009098326,142.0643211690818
2018-04-03,124.60783067889129,141.7107197837087
2018-04-04,122.73585416959199,139.64372278412685
2018-04-05,122.64179109342828,139.370367070143
2018-04-06,122.68364657729094,139.03493287695582
2018-04-09,122.39091476861232,138.60902784865803
2018-04-10,122.90344039190917,139.74579733342395
2018-04-11,125.1085164299148,140.49427542920506
2018-04-12,125.44177732812418,142.19077388092632
2018-04-13,125.16379743341581,140.9154418215571
2018-04-16,125.73794273076857,142.6649795958148
2018-04-17,126.31756081498841,142.18509573225984
2018-04-18,125.718150787942,141.8415802440692
2018-04-19,127.84676723282158,142.77365445258545
2018-04-20,128.62804795416548,142.9876317891357
2018-04-23,128.78432781699937,143.79928387518365
2018-04-24,130.87715258171522,146.4073427324915
2018-04-25,130.96391273505193,147.53581397633505
2018-04-26,127.7776664078555,145.23275126566847
2018-04-27,126.62253099201664,144.70024411088116
2018-04-30,126.13271780122317,143.74232429821961
2018-05-01,126.75525121954385,143.30610179455243
2018-05-02,126.71437847824711,142.32371623285988
2018-05-03,125.70896317136486,141.35742143774786
2018-05-04,126.76086281862253,142.2479575862443
2018-05-07,126.99809191283423,140.79111336344107
2018-05-08,126.74677913843375,140.626880392228
2018-05-09,126.15201674930896,141.57122676273138
2018-05-10,123.97652960385636,141.20975797878847
2018-05-11,125.15932777126065,141.48316420659125
2018-05-14,125.6831867938755,140.65135752024932
2018-05-15,125.99668326462796,141.26050002202427
2018-05-16,125.12933133736313,138.78975087436805
2018-05-17,125.57791535946257,140.0156327699256
2018-05-18,122.72087998546878,138.1121722897175
2018-05-21,121.76748768369066,139.06721373636762
2018-05-22,121.21427278385386,137.30654538454297
2018-05-23,122.09286685517277,138.63779099758108
2018-05-24,123.06423848011055,139.18856434774258
2018-05-25,123.29945918472913,139.08625347050608
2018-05-28,122.75926275751965,137.6357637297761
2018-05-29,120.95052147156147,137.03990536263072
2018-05-30,120.61347708843826,137.41322641210664
2018-05-31,118.64807455640538,137.68097468261638
2018-06-01,117.50093932562744,137.809112986555
2018-06-04,116.26859951783382,136.55067806973506
2018-06-05,116.93994207131229,136.18916844263777
2018-06-06,116.51833079798291,134.82810753704103
2018-06-07,115.84513493776869,135.61842516578542
2018-06-08,114.61539187889555,134.22053572342122
2018-06-11,110.41833167834305,132.73620761861966
2018-06-12,107.58877209011064,131.31012096407147
2018-06-13,107.01398028626159,131.2104629482377
2018-06-14,107.6243396160296,131.4067198568249
2018-06-15,107.99416825135467,132.20225587156767
2018-06-18,106.08412210404528,130.9304124364678
2018-06-19,105.03943570111016,129.95739992778965
2018-06-20,106.35070820016006,131.41838364771527
2018-06-21,105.17069003975837,130.52915722612343
2018-06-22,104.12887927048085,129.21887214015976
2018-06-25,100.726120458087,127.38730759386445
2018-06-26,101.04193858690518,127.58355589243939
2018-06-27,101.57651010182451,128.35457965850628
2018-06-28,100.44165522748318,127.24200381456141
2018-06-29,101.13915596184482,126.83033237665768
2018-07-02,97.39437065298691,125.59324277675672
2018-07-03,97.80145521011468,127.07254698525223
2018-07-04,98.74723769710475,128.44765598214104
2018-07-05,97.79153523171613,127.49073214321118
2018-07-06,95.99215019533429,125.99628262490855
2018-07-09,93.0087350843536,124.9127252438772
2018-07-10,90.74230280200408,122.99839361329974
2018-07-11,88.5735740100516,120.93936827868636
2018-07-12,88.4678763221164,122.24274097016942
2018-07-13,88.28413483490559,122.09258080201866
2018-07-16,89.45509308401456,124.30312644939465
2018-07-17,89.7236727117096,123.49030413171434
2018-07-18,86.31853177788011,121.32129911512367
2018-07-19,86.86550617205538,123.27598894559877
2018-07-20,85.73232289451481,122.43815729965803
2018-07-23,85.87928846852911,122.38413804293131
2018-07-24,89.56646163532967,124.4410962408716
2018-07-25,91.49369884196477,126.7468189279807
2018-07-26,87.71825174598628,123.3099172396352
2018-07-27,89.11495181822863,124.34431019632146
2018-07-30,86.65865535131046,121.56312667545615
2018-07-31,88.00100743285138,123.7586695488164
2018-08-01,88.03119813842521,124.66433569232748
2018-08-02,81.97011093624128,119.9448084493661
2018-08-03,79.71134581403223,117.32033546457974
2018-08-06,80.64657345582485,119.18202333016951
2018-08-07,82.9314705095981,120.80136553231198
2018-08-08,82.29677304005828,119.5159748469013
2018-08-09,76.84956865613503,113.92536641814411
2018-08-10,74.55054156811104,111.63209916841569
2018-08-13,74.80520786332208,110.8898554882271
2018-08-14,75.53820490459319,111.09526606937375
2018-08-15,75.72606819708834,111.76564831982137
2018-08-16,75.39360919621522,111.26638473270893
2018-08-17,76.31243120276741,112.27190027085767
2018-08-20,76.47063938540406,111.93511064237521
2018-08-21,77.77192590883953,113.04889423187257
2018-08-22,74.9963341827644,112.15541562612239
2018-08-23,69.88324054427531,107.7377518356907
2018-08-24,69.10613987270578,107.34888149271417
2018-08-27,66.10150286697754,103.79494822625428
2018-08-28,66.69704328909627,105.27670963354889
2018-08-29,66.97060036104925,105.23381760785165
2018-08-30,67.02544407595491,105.96557244363507
2018-08-31,68.26233411812788,106.983969276834
2018-09-03,66.57031135147288,105.93944109445069
2018-09-04,66.71435180554784,106.5132227025706
2018-09-05,67.25984707310535,106.7243827416897
2018-09-06,72.60144686685051,112.10659892553159
2018-09-07,70.55343729669539,109.87917264235779
2018-09-10,72.10031564482424,111.73902162303739
2018-09-11,71.79664790852773,111.24092388189806
2018-09-12,72.83646002389095,112.38257326053665
2018-09-13,71.21608270478596,110.71844676627605
2018-09-14,71.42366390782445,110.95128768341272
2018-09-17,68.58738470607885,107.83477556063164
2018-09-18,69.63059187591647,108.91859983082861
2018-09-19,71.43207483297655,110.51912916600104
2018-09-20,69.98392436969569,108.95073750497455
2018-09-21,82.25131130200567,119.44036026625864
2018-09-24,80.0676804795157,117.81626674180077
2018-09-25,78.81742327666545,116.39229281913784
2018-09-26,78.8435537055844,116.34687545981191
2018-09-27,80.39729564366623,116.92923150254431
2018-09-28,81.51898852342867,119.49558591864802
2018-10-01,81.08411806483848,119.92824202569288
2018-10-02,79.8925945389874,119.17945398957332
2018-10-03,80.22904430822739,120.31748422118096
2018-10-04,80.24211512015718,118.92349672896177
2018-10-05,79.74766366406628,116.71922887067043
2018-10-08,80.12071295981536,116.76324168036668
2018-10-09,79.78001392884224,115.54771745489299
2018-10-10,79.4893482513544,115.17525286779522
2018-10-11,80.15322579795905,115.86946235538338
2018-10-12,80.16514623598778,116.54200154478124
2018-10-15,79.13087635782122,114.94239953185942
2018-10-16,78.49639598670515,114.73410339027934
2018-10-17,77.63836508915037,114.07717959309392
2018-10-18,77.90265358966761,114.55143368208238
2018-10-19,78.52020816319929,114.71654367186115
2018-10-22,80.41835315866466,117.21673260410444
2018-10-23,80.38351645362928,117.1394506398453
2018-10-24,80.20133543029485,118.2638223908898
2018-10-25,79.30311994277967,116.99815571978797
2018-10-26,78.27484059294576,116.70863449730182
2018-10-29,78.24247287123156,116.66364992000229
2018-10-30,78.18508851643855,116.41050918738654
2018-10-31,79.5707571746701,118.01016445409354
2018-11-01,79.72242503604761,117.9456483662178
2018-11-02,79.99731583477072,116.30911266740986
2018-11-05,81.48224725282398,115.38236599616414
2018-11-06,76.07326482195336,112.07368950070449
2018-11-07,73.95533759802845,111.20727101787938
2018-11-08,75.54695101107298,113.80515614342539
2018-11-09,74.81373150075541,113.20845475460058
2018-11-12,75.42598750659914,112.86263092144625
2018-11-13,75.63646818139208,112.77429384152097
2018-11-14,76.75509125610907,113.72190850380673
2018-11-15,77.26016656987234,113.46910046949192
2018-11-16,77.81492216611,115.0622798070852
2018-11-19,77.33461029938574,116.2407646497831
2018-11-20,76.98146464316935,116.30564203970113
2018-11-21,76.80459549588466,116.17435184415672
2018-11-22,77.96332028761712,116.258910616647
2018-11-23,78.12857867430147,117.49642104647143
2018-11-26,78.96452768307334,118.26515927835291
2018-11-27,79.25259767342143,118.3209171741396
2018-11-28,80.76403410294876,119.92726145647244
2018-11-29,81.35369683082881,120.01136783276898
2018-11-30,80.16753314176226,119.17873735479294
2018-12-03,81.05303936390814,118.89513150885263
2018-12-04,80.0487147049977,118.88413338070664
2018-12-05,80.07260121492885,118.85294455283237
2018-12-06,81.40584303681575,120.79149929793635
2018-12-07,81.78957480930903,120.98304793036706
2018-12-10,80.48948824750018,119.85067977803767
2018-12-11,79.32953970705654,118.0529131305297
2018-12-12,80.52610284981708,119.59402772127794
2018-12-13,81.21018918553368,119.5482623177851
2018-12-14,81.45862272429427,119.42440961501832
2018-12-17,83.81650290448214,121.35030025838343
2018-12-18,82.97206886509444,120.79041523173717
2018-12-19,85.52101009658054,121.61899867130867
2018-12-20,83.66013478229114,120.01941241362648
2018-12-21,82.9523385749882,120.05759952303671
2018-12-24,79.91439547201294,117.39081493146185
2018-12-25,79.83246891880492,117.18981380831251
2018-12-26,78.24802873772106,116.0482151767005
2018-12-27,77.22962280835043,115.15301139191303
2018-12-28,78.17574248058777,115.23993020256667
2018-12-31,79.37812030436976,116.21268990886755
2019-01-01,78.18298643360617,115.96672830519795
2019-01-02,77.98797147070174,115.09941978078166
2019-01-03,77.71133245719979,114.63926934570128
2019-01-04,76.90347920573166,113.05640494443033
2019-01-07,77.17577694142396,113.93776064388852
2019-01-08,76.55038094218297,113.38959592087396
2019-01-09,74.0177144487556,110.77053128307435
2019-01-10,75.44096459856782,112.02548081925232
2019-01-11,76.97598635769627,112.49256288147113
2019-01-14,76.82816084518545,111.69868046714811
2019-01-15,76.8872855711465,110.78972830868652
2019-01-16,76.408127539293,109.72301708925747
2019-01-17,75.4952800071514,109.91757554569455
2019-01-18,75.58573095041136,109.52849429808535
2019-01-21,74.85701153109638,109.27601137597647
2019-01-22,74.75512762015917,108.66773909429523
2019-01-23,74.13665369715035,108.69021922901581
2019-01-24,76.50625660803756,109.95352108760468
2019-01-25,76.99584466723749,110.38838658866523
2019-01-28,76.71548362865643,110.22439591269382
2019-01-29,76.38722100137181,111.52652112252764
2019-01-30,75.27214997298859,111.07526976464663
2019-01-31,73.54316953563225,109.29909047800517
2019-02-01,72.32510332895735,108.77454916688696
2019-02-04,72.09407877506669,110.00067857751917
2019-02-05,72.1088162277583,108.95947972894811
2019-02-06,72.31951637741749,108.60560046915909
2019-02-07,72.39094768412541,108.53195063326433
2019-02-08,73.04480508389207,108.82121438606967
2019-02-11,72.40145980224574,108.09856654580187
2019-02-12,72.3203264626021,107.20764782285448
2019-02-13,72.75866572945299,108.48956506660234
2019-02-14,72.93840417773872,107.73263705354566
2019-02-15,72.5058668464729,107.27338663010735
2019-02-18,72.96796477616218,108.34400403505218
2019-02-19,70.87152165080852,106.6339929448815
2019-02-20,71.25932217464445,106.34961815795316
2019-02-21,71.516666135344,105.72153868613125
2019-02-22,72.2915116230626,106.22677829733
2019-02-25,73.52517542643545,106.76254816720775
2019-02-26,73.64619511618984,107.01201658214552
2019-02-27,74.59728468813265,106.89367862292829
2019-02-28,74.493565469278,107.35476457591504
2019-03-01,74.96207894024923,107.82201762012427
2019-03-04,76.19084367877055,108.93846265811187
2019-03-05,75.97205205150924,109.73012568102654
2019-03-06,76.75968326836725,110.08952329313763
2019-03-07,76.88716598700246,109.7326726751084
2019-03-08,75.89058955136463,108.61170609246591
2019-03-11,76.30051239411651,108.83063083123707
2019-03-12,76.67467755169793,109.08652648417456
2019-03-13,76.62996460004614,108.52964852248657
2019-03-14,80.14609876957553,109.9728769342725
2019-03-15,78.64571836574994,108.49243462382874
2019-03-18,77.09383894146427,107.57090634048755
2019-03-19,75.75490227721751,106.65282712859255
2019-03-20,76.83334070576434,108.27683677929689
2019-03-21,77.5087850755747,110.09242136613946
2019-03-22,76.77559443497765,110.04324351833456
2019-03-25,75.4930253803046,109.96699887351875
2019-03-26,75.82996229717926,110.76485122253136
2019-03-27,75.7772896263818,111.88106816961346
2019-03-28,75.23983517084464,112.70945993961368
2019-03-29,74.6448241278361,112.8850032968169
2019-04-01,74.87963876374081,113.58132861387533
2019-04-02,74.92354278227177,113.50080936670624
2019-04-03,75.61097567996866,114.06811992463342
2019-04-04,75.91582643185392,114.11266165659157
2019-04-05,75.45273337129177,114.17798686860097
2019-04-08,74.32274547399547,112.7668674307931
2019-04-09,75.48394970613414,113.62913438849556
2019-04-10,76.82806370812577,113.15900766696898
2019-04-11,76.70272002193565,114.2499989705392
2019-04-12,75.63938929791323,113.2505966399693
2019-04-15,74.91701703398661,112.98795328361398
2019-04-16,74.91244566537692,113.99503295154243
2019-04-17,76.62948581760165,115.66028435578184
2019-04-18,77.8091910615599,117.66505545145176
2019-04-19,77.72235707196657,116.73971164834298
2019-04-22,77.0304906851828,117.8707194986902
2019-04-23,76.19875312918705,117.96313370772467
2019-04-24,76.84820191759005,118.68777111081971
2019-04-25,76.70507063079694,119.6047635341087
2019-04-26,77.20492893558584,119.2187194635759
2019-04-29,76.68623676566393,118.59558716516277
2019-04-30,78.31284618831805,121.03055369151025
2019-05-01,81.3474370101631,122.27836833986352
2019-05-02,81.44420688976096,122.79401862508496
2019-05-03,81.42177983613853,123.19206833766432
2019-05-06,80.53689976366427,123.9359063355006
2019-05-07,79.40681622431516,121.8271043435842
2019-05-08,77.98961098871644,121.83218650474423
2019-05-09,77.6214838669725,121.1312934396924
2019-05-10,77.18186704095677,120.45331731784172
2019-05-13,76.85259750160462,119.31161143170246
2019-05-14,77.04397823945426,118.72012590146672
2019-05-15,75.77669989635774,117.95726752887177
2019-05-16,75.64374035119624,117.0797793848291
2019-05-17,74.49232663299266,116.64305572644662
2019-05-20,74.36159377727496,116.0898133287804
2019-05-21,72.83799190452356,113.95988961789449
2019-05-22,72.64863710930605,113.45884515959585
2019-05-23,73.01677365689157,114.02696641603885
2019-05-24,72.49866236917075,113.41500637594393
2019-05-27,72.95395968769466,113.85270937450125
2019-05-28,72.83272374116048,114.247009406754
2019-05-29,73.07860150842465,115.22396838623403
2019-05-30,73.64761279210317,115.5260727720727
2019-05-31,73.5382675857171,114.73103140320629
2019-06-03,73.63141915591468,114.88629194128303
2019-06-04,72.33912225071009,114.12470017264718
2019-06-05,71.93282103404796,112.79474892187575
2019-06-06,74.29262236684386,114.24973862136673
2019-06-07,73.65943490169504,113.24403152867508
2019-06-10,73.63601900283328,113.10567281557762
2019-06-11,73.54025322428754,112.53092697542326
2019-06-12,72.99150638568838,112.56898753557832
2019-06-13,71.97160340068544,110.64226868305929
2019-06-14,72.9289657424303,110.42516175539032
2019-06-17,73.44605230268371,110.65664816634771
2019-06-18,72.21656988153981,109.54334455732287
2019-06-19,71.45797660695602,107.97629470362978
2019-06-20,71.89739508256989,107.96999286980322
2019-06-21,70.38254963846238,106.48059940131024
2019-06-24,69.8529699999166,105.80996814528633
2019-06-25,70.19528528985546,106.21274122546112
2019-06-26,70.10092122426452,105.73384469681342
2019-06-27,71.30547406031333,107.69179613090776
2019-06-28,71.71686098653517,108.37051028523139
2019-07-01,71.45648781077763,107.65098478854264
2019-07-02,71.69963532475194,107.93502981122349
2019-07-03,71.70511873326473,108.0414704302456
2019-07-04,72.57622753741411,109.57241779339849
2019-07-05,72.4179708383936,109.0682091730895
2019-07-08,72.20066340366944,109.41216948013859
2019-07-09,72.63821930512557,109.8262155791991
2019-07-10,73.08576780666718,111.20323139730644
2019-07-11,72.67630808889565,111.74412375050021
2019-07-12,71.76482562782861,111.12773823634666
2019-07-15,71.41990459266346,110.68132216379693
2019-07-16,71.18879199229893,110.84290056689589
2019-07-17,70.70768502373656,110.33305631450997
2019-07-18,71.05809088330466,111.76821089241025
2019-07-19,71.2297137013502,111.99165858618434
2019-07-22,71.27756526345499,111.78286468470677
2019-07-23,72.7816470483452,112.7943068115513
2019-07-24,73.60449833736884,112.69729810982551
2019-07-25,73.59882024707873,113.09139221951892
2019-07-26,74.28843762911829,113.14040672475916
2019-07-29,74.84173852454413,114.37197332019882
2019-07-30,74.32581618437577,113.07396106935674
2019-07-31,74.09905606383968,112.99316491660862
2019-08-01,74.08678325712198,113.78527498921376
2019-08-02,74.26968616013187,112.49316794554875
2019-08-05,74.04845497136895,113.69361382375745
2019-08-06,74.56518907969924,113.86260425954369
2019-08-07,73.60329226979066,113.17390959850346
2019-08-08,74.47559915191275,114.32228541778609
2019-08-09,73.19489649450503,113.76197186296051
2019-08-12,72.23595433096371,113.15193861495314
2019-08-13,71.40688687138743,113.13743708042077
2019-08-14,71.64224683696195,113.71752059240391
2019-08-15,71.97236439645269,115.22991934952971
2019-08-16,72.15487924626548,115.77480836638705
2019-08-19,71.95583070173886,116.98703627200582
2019-08-20,72.23460407061626,117.89219995231484
2019-08-21,71.83545675127654,116.2801844423325
2019-08-22,71.39437262412716,117.73246646227923
2019-08-23,71.07728265554285,117.06270683268687
2019-08-26,70.56973307311483,117.6767963647899
2019-08-27,70.39810151479736,117.56183956753397
2019-08-28,70.45739999136,118.38827853676075
2019-08-29,70.34903002586331,117.82275855674926
2019-08-30,69.33922949714831,117.35849974599797
2019-09-02,68.9796665187159,116.86897359584307
2019-09-03,69.21479737265483,118.21867030086241
2019-09-04,68.98975315014599,118.34206046114126
2019-09-05,69.2794239005671,119.30358597960561
2019-09-06,69.02418546148998,117.53660863228276
2019-09-09,69.79201101621821,118.21888138044
2019-09-10,69.22380215784905,118.0043740324038
2019-09-11,69.02218210690857,117.9972665032798
2019-09-12,69.07766254231844,118.75351529273061
2019-09-13,69.19331169860364,118.62590029794026
2019-09-16,69.50038834089436,118.9739008354709
2019-09-17,69.97961017040136,120.29210100469089
2019-09-18,68.36244620676753,117.14259823812507
2019-09-19,68.45847909081367,117.67076158294611
2019-09-20,68.70557841508447,117.69216631138208
2019-09-23,68.20133999136118,116.59640231099979
2019-09-24,69.29560128861112,117.8840673086005
2019-09-25,69.30911271439612,118.78846775784389
2019-09-26,69.40663033726948,119.64477944672005
2019-09-27,68.5074010633202,118.71915309204842
2019-09-30,68.380928734158,119.24615741245384
2019-10-01,69.2723473301686,120.7460649233585
2019-10-02,68.50613604728221,119.97236072202548
2019-10-03,69.30626240972252,120.2681302042987
2019-10-04,69.55640837718323,120.0725383704792
2019-10-07,71.08683260182225,122.1532236391145
2019-10-08,70.78700522421933,121.86339676085338
2019-10-09,70.70708172036629,121.04714573987427
2019-10-10,72.74657466405786,121.76800110923158
2019-10-11,72.17508670641647,121.87397065735472
2019-10-14,72.10206523087341,121.43070036225446
2019-10-15,71.92274482872291,121.52960044143074
2019-10-16,72.62195307331581,123.10768086161974
2019-10-17,73.17579732419514,122.6818482619549
2019-10-18,73.03121730279359,122.53984293325885
2019-10-21,72.63103463887846,122.06954102737375
2019-10-22,72.43853263048722,122.19414129527719
2019-10-23,72.06335670028136,122.77900921482295
2019-10-24,72.61213597988689,122.33843730235708
2019-10-25,73.16516471543923,123.29361900885027
2019-10-28,73.13683094913475,124.05509901328433
2019-10-29,73.90244786342434,124.65543789748381
2019-10-30,73.69090828801997,124.38131922427695
2019-10-31,73.96247700637028,124.97058548539866
2019-11-01,74.59040671995454,125.83767081613284
2019-11-04,74.11507552738631,125.86148086820216
2019-11-05,73.41652761784017,125.65806785887501
2019-11-06,73.04603183231501,124.59407030388037
2019-11-07,73.14603618735738,125.4530942940931
2019-11-08,73.03061130296071,126.24756310642778
2019-11-11,73.20849561413964,126.58289681595689
2019-11-12,73.69378900246721,125.93491581767124
2019-11-13,74.03048061746291,126.1898536156992
2019-11-14,74.0644422644074,126.39412331249724
2019-11-15,74.79892053962399,126.24075781761093
2019-11-18,74.99968191971954,126.17957896354591
2019-11-19,75.70376092267117,125.78931203593055
2019-11-20,75.81430821655375,126.37384204051594
2019-11-21,75.57575393235814,126.30624767808094
2019-11-22,77.24067571308643,126.614651299032
2019-11-25,76.72263278684386,126.43992465156724
2019-11-26,77.09568157454264,126.76047687868058
2019-11-27,77.16234982803249,127.23888315140096
2019-11-28,76.19030914401488,126.08384242323952
2019-11-29,76.67220677646928,125.94134621638855
2019-12-02,76.84915561964634,125.54390758522307
2019-12-03,76.77456033080844,125.09660837064544
2019-12-04,77.00165102401807,125.33926952063996
2019-12-05,77.339666583182,125.77821965948459
2019-12-06,77.36436331664895,125.68153535344628
2019-12-09,77.58486190652539,125.58446583495515
2019-12-10,77.66940756594785,125.42006642161839
2019-12-11,77.26585546853578,126.9738551386913
2019-12-12,77.4916699303431,126.61617736614885
2019-12-13,79.45058604099013,127.97801635825972
2019-12-16,79.28779304018536,130.38863373318162
2019-12-17,79.29446970635277,130.75012242673495
2019-12-18,79.56992459335399,129.94348807600903
2019-12-19,79.51751539145857,130.57941363524026
2019-12-20,81.31712654986089,131.5179093419345
2019-12-23,80.93140720752142,131.91844729033738
2019-12-24,81.25258300417748,132.06578673690828
2019-12-25,81.59113852305528,132.04636150837734
2019-12-26,80.73904454145689,132.58921539468287
2019-12-27,81.09727639680807,133.3898830151206
2019-12-30,82.16223331872104,135.1586931255032
2019-12-31,82.30119199548189,135.66414847224567
2020-01-01,81.21333005538604,134.34324104427512
2020-01-02,81.53951302226112,135.15966255542352
2020-01-03,80.80180263009693,135.49476270972883
2020-01-06,79.36786153549109,134.3089001307309
2020-01-07,79.49756502437198,135.90834040587018
2020-01-08,80.61374094490907,137.6785644139313
2020-01-09,81.38326123708549,138.60404925451695
2020-01-10,82.22511480292845,139.62948205278312
2020-01-13,82.5738468118441,140.09808908002498
2020-01-14,82.76903406535956,139.2564710936779
2020-01-15,82.84488574472165,139.27925359473596
2020-01-16,82.4266194892871,139.10519430250076
2020-01-17,81.90821458848806,138.30455764437244
2020-01-20,82.3627582290531,139.03456323983886
2020-01-21,80.09699560505787,136.9765167766868
2020-01-22,79.64007217324644,137.21000788591462
2020-01-23,80.35850221004553,138.46413523815286
2020-01-24,81.03239467094147,139.26934035298248
2020-01-27,81.61077110902784,138.70145569892088
2020-01-28,81.15541183890731,139.79380327755314
2020-01-29,81.34954110662026,139.88666710385672
2020-01-30,81.68165117432297,140.16085337932967
2020-01-31,82.7056363519888,140.86724116420277
2020-02-03,83.68447374982897,141.3995626547092
2020-02-04,83.32245685014767,142.4013873669693
2020-02-05,83.0311450549499,143.3402905654416
2020-02-06,83.21598711276569,143.92666100381007
2020-02-07,84.73959874472176,145.31195741670186
2020-02-10,84.35206516946803,145.5153116284042
2020-02-11,84.0377000325066,145.31057591543419
2020-02-12,81.33952093963175,142.6077903507593
2020-02-13,78.88587355719952,140.5596016628897
2020-02-14,80.0473037858863,141.35385594062976
2020-02-17,81.52452188256824,143.0308015311197
2020-02-18,80.66587985183233,142.40612190344862
2020-02-19,79.7046707080881,142.01647789077404
2020-02-20,79.34989384237699,141.16964069881
2020-02-21,79.10026438815476,141.5551121579091
2020-02-24,79.9914276783869,141.69080237299244
2020-02-25,80.97325984156565,142.1889049953171
2020-02-26,78.01180099387571,138.90592497310092
2020-02-27,79.54786391232074,139.54451215275253
2020-02-28,81.45883477804546,142.26654723446958
2020-03-02,80.21273323766113,140.270855059913
2020-03-03,75.80531626810473,135.47161006541054
2020-03-04,77.07011519203547,137.76231354850424
2020-03-05,78.32063520562001,138.5476501241218
2020-03-06,77.63081974349936,137.74781086447612
2020-03-09,72.48145843836701,131.9135785823284
2020-03-10,73.05984694139217,133.17818189336106
2020-03-11,72.84477895647045,133.66579643539237
2020-03-12,73.96697776063083,135.41770244282753
2020-03-13,74.15917231473698,136.07505920669288
2020-03-16,73.44447764491193,135.44108769903968
2020-03-17,74.32568067307712,135.93582164975408
2020-03-18,71.61549919520057,132.57211791003613
2020-03-19,71.57020215809507,133.57854661551306
2020-03-20,71.18594835337349,133.82378699995942
2020-03-23,71.24639996300589,133.35637243129946
2020-03-24,71.36218863285058,133.5341155453167
2020-03-25,70.42445399389875,132.35528117911133
2020-03-26,70.20264107121027,131.25652375861233
2020-03-27,69.68315541719211,130.88848270781597
2020-03-30,69.82499710772372,130.73489578810273
2020-03-31,69.83329264205742,130.02240662888138
2020-04-01,69.37260575868993,128.4227254933336
2020-04-02,68.23576247599435,126.08595281444315
2020-04-03,67.83075707365681,125.41857765222764
2020-04-06,67.36647303166642,124.90747462317306
2020-04-07,67.18695927633425,124.09340155407133
2020-04-08,66.9658206830292,124.37809306037038
2020-04-09,66.5036269818207,123.88190616442753
2020-04-10,66.43022836247768,124.26027727317197
2020-04-13,66.41358090914832,124.13163122238127
2020-04-14,66.52679294309006,123.68660104102696
2020-04-15,66.59824882515392,123.86909516763296
2020-04-16,66.68554540265484,123.04473265995782
2020-04-17,66.68372584761825,123.46574547577478
2020-04-20,67.97242122999513,124.10852318863337
2020-04-21,68.17095891975653,125.01648454420251
2020-04-22,67.66801575674134,124.28033052623637
2020-04-23,67.79969172279536,125.2305098763423
2020-04-24,67.51928791004724,124.1271775304423
2020-04-27,68.1201744731633,124.25479217065023
2020-04-28,68.19846086181765,124.64218026174794
2020-04-29,68.04333214471785,125.38653292789567
2020-04-30,67.80517698105433,126.42405948669975
2020-05-01,68.05373325957554,126.73561325347089
2020-05-04,69.12370855866142,129.25433815641466
2020-05-05,68.63444202461591,128.55236323425729
2020-05-06,68.7693121713181,129.56450529315907
2020-05-07,68.2009392196789,128.26901666523446
2020-05-08,69.86269095645076,130.33700081504352
2020-05-11,70.8431431264611,129.53784408009588
2020-05-12,71.37493838729911,129.22683873465928
2020-05-13,72.30219118675703,130.53788021712384
2020-05-14,72.96038302356395,130.1896321724885
2020-05-15,73.36589912458037,130.94715551178786
2020-05-18,73.75717877401199,132.0696402225603
2020-05-19,73.94432745529636,131.8831087715764
2020-05-20,73.01703001333138,130.23312152587738
2020-05-21,73.14763119636963,130.0167564273667
2020-05-22,73.58910528023227,129.72091468660113
2020-05-25,73.99154553066955,130.05825780238536
2020-05-26,74.60264340985717,130.75472060795238
2020-05-27,75.63189824665282,131.53297405595188
2020-05-28,76.14100960889212,133.36765461814377
2020-05-29,75.18317631328524,131.89590599640286
2020-06-01,75.4527804823899,133.28356690557646
2020-06-02,75.4641042661216,132.48854473645932
2020-06-03,75.10224351253258,132.22348017992942
2020-06-04,73.87586593643704,132.0010063038949
2020-06-05,74.28488516274166,133.32540656464147
2020-06-08,74.2896710970152,133.02060966350896
2020-06-09,74.98500849804729,134.17500445039943
2020-06-10,74.46578656458648,134.0299191052489
2020-06-11,75.16653404113369,134.3162130880198
2020-06-12,75.4214660898046,135.09001676568536
2020-06-15,75.2749581153428,136.48233081471332
2020-06-16,76.10856659612291,137.72718660720045
2020-06-17,75.47520379979478,137.59236959800887
2020-06-18,74.79379485818207,137.4915684453732
2020-06-19,74.73452615915785,136.253911273317
2020-06-22,74.40890299008399,136.3308896141459
2020-06-23,73.7081978421088,134.8203594931504
2020-06-24,74.4938284501227,135.1605033416513
2020-06-25,74.74950359493873,137.19593154430999
2020-06-26,75.18620841494464,137.4557345961351
2020-06-29,75.19953896509934,136.88618272320255
2020-06-30,75.42517803173861,138.08609843523956
2020-07-01,74.85215910087867,136.75156353687294
2020-07-02,74.94216568117534,136.5022431535897
2020-07-03,76.68808068176342,139.3015725001216
2020-07-06,76.17181354361318,138.84939737068373
2020-07-07,76.6794786411628,138.08517348554582
2020-07-08,76.61452684107445,138.4991607030131
2020-07-09,75.9490996068857,137.53579362190703
2020-07-10,76.35508129213099,139.23836342007135
2020-07-13,77.33340004271788,139.74099889246716
2020-07-14,77.84326046897334,141.1570664328135
2020-07-15,77.33665603648092,142.18395370117682
2020-07-16,76.55847296888204,140.69956556571412
2020-07-17,76.24411710309298,140.24684687250718
2020-07-20,76.52671370672914,140.88781853130055
2020-07-21,77.19139063890997,140.8642875020562
2020-07-22,77.27596503703455,141.205795315875
2020-07-23,77.6139662917524,141.3831711327723
2020-07-24,77.26248425964185,140.85141045540811
2020-07-27,76.48645514515354,140.14284289052833
2020-07-28,76.7678415226461,140.51435958615855
2020-07-29,77.80512067998538,141.7248666102334
2020-07-30,77.55652038306032,140.99494109788827
2020-07-31,77.45011969075897,140.44709372895406
2020-08-03,78.26144546127527,141.18443794567602
2020-08-04,78.6555323676307,141.5657755560774
2020-08-05,78.62250914995904,141.1886427177272
2020-08-06,78.67221641980268,141.5403948330043
2020-08-07,78.49029245777908,139.8475141360488
2020-08-10,77.60676374543176,138.39675116704544
2020-08-11,76.68653817369909,137.28940888873228
2020-08-12,76.985908767736,136.90642786005688
2020-08-13,76.57942958397881,137.87452523597133
2020-08-14,77.0786500809289,138.4120449698544
2020-08-17,76.81820453361617,138.32930100143233
2020-08-18,76.47515514430893,137.616139316653
2020-08-19,75.9139432133981,137.07519210366848
2020-08-20,76.57423686392055,136.75886875371916
2020-08-21,74.71643960670112,134.8219986393493
2020-08-24,74.18664595025018,133.56519486985212
2020-08-25,73.2658574492674,132.45781895696015
2020-08-26,72.66286243353659,129.85023749993897
2020-08-27,73.01593917499713,129.34440466517768
2020-08-28,73.40395842241193,130.88442479740792
2020-08-31,73.65819120429984,131.81204169293963
2020-09-01,73.76218628429682,132.98395081672214
2020-09-02,74.1758264421764,134.5279732175046
2020-09-03,74.37454988896637,135.29631925105957
2020-09-04,74.81385643891198,135.39528323568854
2020-09-07,75.58212727828742,135.3444420819287
2020-09-08,75.77522371770571,136.49292114513273
2020-09-09,76.01020671877936,136.80589765449614
2020-09-10,76.1034190335374,138.97271279297019
2020-09-11,77.28164273469694,139.8794324718505
2020-09-14,76.10459992238596,140.39147040911527
2020-09-15,76.32335789371872,140.509425958109
2020-09-16,75.6449407918083,140.97697030649178
2020-09-17,76.50629114874394,143.32323103422257
2020-09-18,76.47146862124872,142.4363415743499
2020-09-21,76.21129599669986,141.78381099622635
2020-09-22,76.7522658103468,141.48694173673442
2020-09-23,77.19503906087671,140.9200328942814
2020-09-24,77.21481626867485,141.53209227594868
2020-09-25,77.4557443403542,141.6363104069148
2020-09-28,77.06110818790516,141.3122400249216
2020-09-29,77.3345932390733,142.08795242563218
2020-09-30,76.92669655446672,140.1207073420668
2020-10-01,76.00763744569478,140.3098188158004
2020-10-02,75.69131876750224,139.72283503343616
2020-10-05,74.95953968472449,139.4541537738717
2020-10-06,76.20350315693385,141.27425357328252
2020-10-07,77.26290172426658,143.5446728694266
2020-10-08,76.3986565771184,142.59995965385593
2020-10-09,75.97746505482492,140.3791056013507
2020-10-12,75.78215654510015,140.25682551965548
2020-10-13,75.95455143323865,140.6292665897055
2020-10-14,75.54965292004792,139.3723918044038
2020-10-15,75.80477812177787,139.78246028274293
2020-10-16,75.5230552792726,139.22191236727585
2020-10-19,75.25248142096362,137.8537800516514
2020-10-20,75.36352604095883,138.54863263854622
2020-10-21,75.78437767349754,138.53325477710482
2020-10-22,75.6949824633577,138.13330165326738
2020-10-23,76.19080240825106,138.2751861473451
2020-10-26,75.30237109231241,138.441052139443
2020-10-27,75.2130746602433,138.34446070859653
2020-10-28,75.39071842006027,138.61750138825158
2020-10-29,75.24437463426275,138.1307539600036
2020-10-30,75.24438762516282,138.5420100861519
2020-11-02,75.43986144067013,139.88929333016893
2020-11-03,76.6729238704037,141.7186115677988
2020-11-04,77.1680043799734,142.83430217108094
2020-11-05,77.01829211200605,143.23000118784208
2020-11-06,76.4013356960983,141.44145367834415
2020-11-09,76.81464216571773,141.1470586802211
2020-11-10,74.64623627521989,138.810240296479
2020-11-11,75.8496172415158,139.46423530367176
2020-11-12,75.87086466033404,138.62282622376893
2020-11-13,74.22141890549916,135.43586667995808
2020-11-16,73.72142309851507,133.86694047344855
2020-11-17,72.93202855338289,132.8992905880895
2020-11-18,76.45125253062159,136.39757924566473
2020-11-19,73.76029481832653,133.13530194433062
2020-11-20,71.07659430924951,130.56077234334612
2020-11-23,63.467882700306674,122.5599808940033
2020-11-24,59.55058440974001,119.22597151641865
2020-11-25,60.42386335822623,120.09581021397351
2020-11-26,59.53071796809951,119.64524085665708
2020-11-27,55.184124074517115,115.01035361887743
2020-11-30,53.46512915105804,112.09541384809036
2020-12-01,52.10813911726824,110.49206689903868
2020-12-02,51.9022718461836,109.45491454179704
2020-12-03,52.07436215382026,109.60540281145366
2020-12-04,52.36521465776271,109.47400200910546
2020-12-07,52.95382725191584,110.42358693501197
2020-12-08,52.532264904622835,109.07281449321009
2020-12-09,52.663207593292604,109.25378254024662
2020-12-10,52.7524194272323,109.75265686250901
2020-12-11,52.801578233769234,110.42852537752744
2020-12-14,52.66759300719033,109.79017735460432
2020-12-15,53.19762882990909,110.43152685345736
2020-12-16,52.42645369070355,109.69515299590799
2020-12-17,52.30792696187384,110.5989650556206
2020-12-18,52.18034939163279,109.48972213926704
2020-12-21,51.69882112463059,108.35736852520364
2020-12-22,52.32922397620013,110.9290509234764
2020-12-23,52.14724372833962,110.55729825987768
2020-12-24,51.41373989086867,108.4697254684877
2020-12-25,50.61073245003084,107.18050890873658
2020-12-28,51.7934312550301,106.79888802937315
2020-12-29,51.98356540299617,107.19026101078029
2020-12-30,52.372410264062296,108.17349487243277
2020-12-31,52.02168616632957,107.20499832572574
2021-01-01,51.481668076962684,106.31158485787861
2021-01-04,52.41633324162185,107.98358333281013
2021-01-05,51.76811811133081,106.13674470136812
2021-01-06,52.19803327524781,105.80115307857949
2021-01-07,52.02311806094028,105.4825078390208
2021-01-08,52.13039124039722,105.14708474433066
2021-01-11,52.95350740487728,105.89584333639301
2021-01-12,52.79805930640467,104.94309219867941
2021-01-13,53.38585357357655,105.74160029619664
2021-01-14,53.62620009450186,105.92989823406671
2021-01-15,53.58429932947928,106.25461586557546
2021-01-18,53.399872288869666,106.20248744164623
2021-01-19,53.75978340932046,106.74912216312002
2021-01-20,53.01808436124309,105.03409700096347
2021-01-21,53.40133581066725,105.78312984983384
2021-01-22,52.572541338203784,104.69131492366617
2021-01-25,53.01215478355783,105.08909266911279
2021-01-26,54.27179311469163,107.14445747595099
2021-01-27,54.17358538162319,106.59674915608439
2021-01-28,54.14054676154419,107.44650430268048
2021-01-29,54.048584937232725,108.29883821280777
2021-02-01,53.947909057011756,108.69870198682685
2021-02-02,53.89741440883136,108.02493103884576
2021-02-03,54.19044587062688,106.95251363605138
2021-02-04,54.01805959027076,107.4790829783977
2021-02-05,54.371418678664185,107.9590990592229
2021-02-08,55.16077100876328,108.36001537933203
2021-02-09,55.254714249695894,109.24619099822333
2021-02-10,55.20888485443397,108.65347201062117
2021-02-11,55.07137469620225,108.24984279145917
2021-02-12,56.42912872980831,110.08027028731837
2021-02-15,54.546789572968336,107.34716587528992
2021-02-16,54.33319436974614,107.06692704111218
2021-02-17,54.385019503249175,107.84417240567772
2021-02-18,54.3693231809855,107.98522463660845
2021-02-19,54.16590011964517,108.59282840513953
2021-02-22,54.21359223104724,109.40574121827935
2021-02-23,54.90451917839263,110.19958090508023
2021-02-24,55.32322163771399,109.13878405930812
2021-02-25,55.64035565275777,108.7806100043614
2021-02-26,56.89290701881147,110.64743367808181
2021-03-01,55.88298670741892,108.56010337382267
2021-03-02,55.8979643657597,108.38502355418042
2021-03-03,55.57403978956103,108.28137216980629
2021-03-04,55.31562390255863,108.98086526495744
2021-03-05,54.76443066505896,108.02939690416662
2021-03-08,55.39790928928292,108.3211960897583
2021-03-09,55.85599725553191,108.80141663834935
2021-03-10,55.65930001551697,108.84152621694862
2021-03-11,56.46878588730127,109.63318417432953
2021-03-12,56.403700036678906,110.27581890444438
2021-03-15,57.18726291100536,110.61169292125186
2021-03-16,57.38453247797922,110.9234199923154
2021-03-17,57.266059693982015,111.1159584353756
2021-03-18,59.227918038670246,112.96502409354628
2021-03-19,60.54857636182144,114.94214989942455
2021-03-22,60.38057697993804,114.8924614909396
2021-03-23,59.67991259383235,114.7259593187109
2021-03-24,59.83558435295354,115.04710817473622
2021-03-25,60.337712491505826,115.86094179338262
2021-03-26,60.93382309454898,116.07405785712102
2021-03-29,61.245049510595464,115.98404906251085
2021-03-30,61.192390557920994,116.8044604655704
2021-03-31,61.58163454790846,117.6818494838368
2021-04-01,60.81086111298277,116.17296234169652
2021-04-02,60.51875452609655,116.01534362209063
2021-04-05,58.687315441791256,112.45518739176654
2021-04-06,58.77654629686106,112.18446321815566
2021-04-07,58.76042360530585,112.83684934690842
2021-04-08,58.45646501211979,112.45366233914919
2021-04-09,58.944102365255006,113.07165313503114
2021-04-12,58.510172192827035,110.59004295789758
2021-04-13,58.8672914994357,110.72312994791993
2021-04-14,59.139949918069625,111.25206478746925
2021-04-15,59.33067172003452,111.7822306128482
2021-04-16,59.1671710203229,112.28060832379462
2021-04-19,59.972468470956095,113.00192739277779
2021-04-20,60.13467170379416,113.08030673481973
2021-04-21,60.08308304649871,112.14574984130255
2021-04-22,60.27124136303142,112.22372145004644
2021-04-23,61.15434091949383,112.30106584202034
2021-04-26,60.143876166454156,110.05785487648818
2021-04-27,60.29214021640835,109.5124917582342
2021-04-28,60.7049141036695,110.93807458444249
2021-04-29,60.291149057281146,110.36428395917788
2021-04-30,60.43263180422321,110.67439947871695
2021-05-03,60.48837621687362,110.41169772242809
2021-05-04,60.20690080506981,108.96501021047385
2021-05-05,60.32600369213752,109.71738127914716
2021-05-06,61.092414775368,109.0760042341399
2021-05-07,60.708455625112,108.35769010349814
2021-05-10,61.17712999432705,108.80394573823875
2021-05-11,61.31378347102927,109.10984715394734
2021-05-12,60.86028389171211,108.21221981073579
2021-05-13,60.439014733370676,106.62855376094046
2021-05-14,61.240381895310335,106.9149524331118
2021-05-17,60.61396123183507,105.8545236154555
2021-05-18,60.908113549503526,105.66721650965434
2021-05-19,60.72889046868111,106.13236020504692
2021-05-20,61.814037528014595,106.42381823728432
2021-05-21,63.278093753674156,108.02363889467557
2021-05-24,63.20060695504147,108.07508873070519
2021-05-25,61.71839268257319,107.32546237797855
2021-05-26,61.76123704000865,107.30217424033111
2021-05-27,61.49131750602612,107.57505242767336
2021-05-28,61.281320362115906,107.28335092138552
2021-05-31,60.89118967869438,107.20878162453835
2021-06-01,60.98610838722569,106.35536833470593
2021-06-02,59.586245266122894,103.35037609061692
2021-06-03,59.611884298036756,103.62962235180918
2021-06-04,59.58416350505854,103.89194385626143
2021-06-07,59.306789613470634,103.94312884963202
2021-06-08,59.42542142112842,103.75089372030328
2021-06-09,58.727487761590616,104.02881635655747
2021-06-10,58.97579374722019,104.00449346897183
2021-06-11,60.84116683346048,106.0972180640769
2021-06-14,61.396411384352014,107.02951450242921
2021-06-15,61.514810719325595,108.26817599055293
2021-06-16,61.0968072343537,107.67924905775972
2021-06-17,61.03343343053772,107.21734220663457
2021-06-18,61.363347563864856,106.59378049538289
2021-06-21,61.590497857504644,107.82495478676482
2021-06-22,60.85343727046766,107.40945693546054
2021-06-23,59.96544422026666,106.8608726552496
2021-06-24,59.69123498022431,108.6118085993483
2021-06-25,59.89349718699831,109.04776871262887
2021-06-28,58.82396718658658,107.14647866540763
2021-06-29,59.12539864475046,107.34394337992663
2021-06-30,60.021838897061606,107.6327231064536
2021-07-01,59.58012394242562,106.96294717942475
2021-07-02,56.934169064549636,104.11334172627195
2021-07-05,56.44092002066357,103.27136983417209
2021-07-06,56.60349113449856,102.59231019976997
2021-07-07,57.10618966976268,104.09421938146592
2021-07-08,57.85375237141357,105.0511574688885
2021-07-09,57.22340173579551,104.30052435361823
2021-07-12,57.363062958253195,104.93552411129146
2021-07-13,56.671240905326044,104.55704037522793
2021-07-14,56.44970869742264,104.52610742582257
2021-07-15,56.459662251360534,104.98675061153071
2021-07-16,56.59944279116515,105.23507326725736
2021-07-19,57.2702931751192,106.3653250073213
2021-07-20,57.04685516852162,106.63898899279707
2021-07-21,57.18638527818337,106.90788450999655
2021-07-22,57.81013146705843,107.42923368309407
2021-07-23,57.49767328432813,108.11782175460193
2021-07-26,56.89029205025826,107.20126612401562
2021-07-27,56.87842081637403,107.46209899489708
2021-07-28,57.00687229475099,107.88394618206118
2021-07-29,56.900590410466,107.40032937507738
2021-07-30,56.56550100606281,106.5533809054122
2021-08-02,56.57600037220798,106.35934461405665
2021-08-03,56.2104086260779,105.6884960135312
2021-08-04,56.83465883933872,105.43054164094228
2021-08-05,56.68689381202472,104.88874238692918
2021-08-06,56.850045485318326,105.24329820301173
2021-08-09,56.7429950660825,105.95474229365686
2021-08-10,56.942891675401256,106.53366959052046
2021-08-11,56.78181697533906,104.72760479095878
2021-08-12,56.81014695950367,105.18026181278253
2021-08-13,56.52779265800424,104.56154029858422
2021-08-16,57.13847949642445,105.48798657649915
2021-08-17,57.37503050277486,105.74033138488097
2021-08-18,57.69760569357369,105.96620295260291
2021-08-19,57.716409109653085,105.94138867787224
2021-08-20,57.78348663789766,106.01604128948398
2021-08-23,57.420852253397506,106.52648419659383
2021-08-24,58.52623939411509,107.66310912337964
2021-08-25,58.177505365603835,108.03303857157758
2021-08-26,57.642003488661885,108.1169687636034
2021-08-27,57.275004851932486,108.19270465846674
2021-08-30,56.870282825381445,106.63406165891367
2021-08-31,57.44574459223143,107.96327256796651
2021-09-01,57.15352922566473,107.38619255805916
2021-09-02,57.138041451675356,107.85282011055055
2021-09-03,57.201568586247895,107.31100024380258
2021-09-06,57.15990493126484,106.5264446553949
2021-09-07,56.78524283124082,107.42694307603884
2021-09-08,56.84261441570051,106.89128877679607
2021-09-09,56.78191546865292,107.58494125818785
2021-09-10,57.27759775665583,108.1994439646931
2021-09-13,58.75129294374172,109.47946810429079
2021-09-14,59.01576103360859,109.74296807094821
2021-09-15,58.65628361812728,108.54054370611286
2021-09-16,58.96310223669856,108.86555831795172
2021-09-17,59.24705541668235,108.46844242423647
2021-09-20,59.189302726261936,108.17462415586714
2021-09-21,58.95605415699009,108.56236532763349
2021-09-22,58.719943517709815,108.51052376142039
2021-09-23,59.39258475967182,108.2508870698248
2021-09-24,60.01244157874422,109.44695765142527
2021-09-27,59.93561452571908,109.38712293891439
2021-09-28,60.126953428529795,109.24521639072783
2021-09-29,60.48144088930796,110.11072966618565
2021-09-30,60.77052083887568,110.31174395354617
2021-10-01,61.48445847411937,110.27506334050403
2021-10-04,61.950326748553174,111.97927766157049
2021-10-05,60.63916707641261,110.68655461104937
2021-10-06,60.55017706611441,110.56530250869245
2021-10-07,61.23708723180046,111.00854023118704
2021-10-08,61.42399108263219,112.00300675642205
2021-10-11,61.29819118078815,111.5465157659733
2021-10-12,61.45761185927192,110.6943592857995
2021-10-13,61.62699205496547,110.43353692293442
2021-10-14,61.514397828117836,111.22377527403431
2021-10-15,62.24386850505999,112.52676041687648
2021-10-18,62.26003957852315,112.39316832202249
2021-10-19,62.43127587468972,113.51172963677467
2021-10-20,61.84408828027378,113.4566440347204
2021-10-21,62.95786659737277,114.42166812731331
2021-10-22,62.83403450986517,114.20686931860024
2021-10-25,62.641654709148334,114.26305499404943
2021-10-26,62.15079710947834,113.22313543939622
2021-10-27,62.42261764453747,113.52119432469729
2021-10-28,62.261970037728695,113.59335165980606
2021-10-29,61.26220994566928,111.46309908209138
2021-11-01,60.64133846444646,110.7374761737683
2021-11-02,60.02980139164228,109.94406347034572
2021-11-03,60.924232810580605,111.54521102281745
2021-11-04,60.951964909787584,110.3609770697791
2021-11-05,60.952697114378964,110.13115816285183
2021-11-08,60.83391105769675,109.71680279877994
2021-11-09,61.09964682519487,110.63435844350538
2021-11-10,61.08284170769343,110.61084268441105
2021-11-11,60.710188242828565,111.4538227936018
2021-11-12,60.61004229618609,111.81783260654908
2021-11-15,61.51969920958875,112.4879855267209
2021-11-16,61.77410191814191,112.92808012745907
2021-11-17,61.52647841289899,112.46178813448904
2021-11-18,61.649430786482874,113.18778266673202
2021-11-19,62.406872543771144,113.0705500113285
2021-11-22,63.45285120315688,113.57667324626858
2021-11-23,62.91524162945117,113.38066474087995
2021-11-24,61.298756076735096,112.63499996709064
2021-11-25,61.01964008258175,110.8873366361565
2021-11-26,61.248909915985074,112.05313390183574
2021-11-29,61.438478848511004,112.1720750723583
2021-11-30,62.148723762711086,111.63980672457221
2021-12-01,61.42626534635589,108.93768402609503
2021-12-02,61.824532991625546,108.34829871468918
2021-12-03,61.511227968654325,108.05516932705486
2021-12-06,61.8566789062057,108.36782117611337
2021-12-07,61.1311042296244,108.10207506601606
2021-12-08,61.77858305628822,108.39702947361178
2021-12-09,62.220162014040234,108.12419728653344
2021-12-10,62.18160340379973,107.84098106922681
2021-12-13,63.02661888753606,108.690323069662
2021-12-14,63.27341731344175,109.0966418679197
2021-12-15,63.16629516919529,108.50030431091098
2021-12-16,61.979476044997625,107.98762281051653
2021-12-17,61.819614770597276,107.45341080085076
2021-12-20,61.55765701309623,106.66374602961332
2021-12-21,61.865155776527224,106.6310071021118
2021-12-22,57.63896360936961,103.3336469564498
2021-12-23,57.10706958180148,102.74751839534221
2021-12-24,57.18620703709429,102.41822229061842
2021-12-27,56.87004764089565,102.69638189472757
2021-12-28,56.985550487066774,104.15195307959341
2021-12-29,57.315094261831746,104.63508383225066
2021-12-30,56.73517281092928,104.84833896986807
2021-12-31,54.913444772659304,103.66945985070231
2022-01-03,54.80181446765564,103.19756672338917
2022-01-04,54.013985029194075,102.4187367098367
2022-01-05,53.874064999770674,101.50516053306421
2022-01-06,54.05118885093826,101.58419272662333
2022-01-07,53.28844421803463,100.43441404712522
2022-01-10,53.98575431300399,100.93455253882424
2022-01-11,54.42513343539657,100.95241476895653
2022-01-12,53.965943364632196,100.33024669233153
2022-01-13,54.27294442227696,100.98462384099433
2022-01-14,54.28532190640327,100.94508649265555
2022-01-17,53.84062176649309,99.38126678182839
2022-01-18,53.50438068965012,98.61488429645485
2022-01-19,53.280819671843105,97.5089677968952
2022-01-20,53.59520901552612,97.98770727586931
2022-01-21,53.524756754624356,98.23237427566556
2022-01-24,53.17782203018267,98.05303342734511
2022-01-25,52.913973147212424,97.34182290975511
2022-01-26,52.63365750555376,97.22184505974755
2022-01-27,50.81729179926785,95.12176010828581
2022-01-28,50.01225878962005,93.66237395897184
2022-01-31,49.02864051943409,93.08489209677226
2022-02-01,49.58311863606501,94.13938240654429
2022-02-02,48.56898235012952,93.63517953178105
2022-02-03,48.55176008878009,93.29386823421125
2022-02-04,48.98436602632504,94.42988755201866
2022-02-07,48.80303293994176,93.97685879725476
2022-02-08,47.80049524475696,93.30235091228451
2022-02-09,46.84714246665406,92.01152197014272
2022-02-10,46.626953368566575,91.66841271895194
2022-02-11,46.91034535997414,90.66150438152454
2022-02-14,46.97169103799494,90.58061325580923
2022-02-15,48.02385185936686,91.76418307957725
2022-02-16,48.184800250134295,91.72591619049099
2022-02-17,47.553016314065246,92.04931439130107
2022-02-18,47.802799246886856,91.6916293876363
2022-02-21,47.54867983466593,91.13182591931454
2022-02-22,47.42543434797098,90.52535932329768
2022-02-23,47.497990335740916,90.31341963110668
2022-02-24,48.00113276338839,91.4165605322107
2022-02-25,47.2233704919527,91.43087103727356
2022-02-28,47.185702243669155,91.02460076864122
2022-03-01,47.36892910531697,90.84233861120693
2022-03-02,47.40453463542973,90.26736505945013
2022-03-03,48.14432501801591,91.76769503482724
2022-03-04,47.545532784532455,91.77553507301346
2022-03-07,47.20841947801643,91.37763582929597
2022-03-08,46.82328384766784,90.22046563079978
2022-03-09,45.938234901654,88.59324756074334
2022-03-10,46.47906268859184,89.27531724220975
2022-03-11,46.54558193041884,89.65769848348039
2022-03-14,46.64981431913668,88.67458209927372
2022-03-15,47.134341588991724,89.02792401103184
2022-03-16,47.445787053202835,90.2337148492116
2022-03-17,47.712837945307356,90.41333824958099
2022-03-18,47.27976348192428,90.78816040201106
2022-03-21,47.10171879390505,90.97183425495506
2022-03-22,47.73662315416373,91.07263189782135
2022-03-23,47.72664649915034,90.9204518693424
2022-03-24,47.28978552043973,90.41070324699237
2022-03-25,47.610658426374854,90.24948439962274
2022-03-28,47.22605654071425,89.3413812142673
2022-03-29,47.362147917832694,90.30855054769435
2022-03-30,47.442421390820286,89.88121264923363
2022-03-31,47.364729907244204,90.39982177019937
2022-04-01,47.021387129795286,89.82073780683533
2022-04-04,46.85156177302735,89.64646311351494
2022-04-05,47.020381521446026,90.14425879144868
2022-04-06,47.24291561854352,90.07319280680997
2022-04-07,48.490869810615465,91.7067651972406
2022-04-08,48.64980416735194,90.76439652330549
2022-04-11,49.26095120576051,91.64911676174906
2022-04-12,49.02239168180008,90.06590530629647
2022-04-13,49.500229785557075,90.44417838966253
2022-04-14,49.555908801135914,90.98178860439438
2022-04-15,49.44126738876818,91.22392894269954
2022-04-18,49.64139123946975,90.73458343940746
2022-04-19,49.88647756059485,90.36233924518324
2022-04-20,50.403800776987886,90.52241365812263
2022-04-21,50.99976012884968,91.23032875452911
2022-04-22,50.59975367802239,89.74278043034536
2022-04-25,51.07938982897118,90.22147922148174
2022-04-26,50.87949434189903,90.21391786187513
2022-04-27,49.86344680429046,89.08790828916312
2022-04-28,50.606591061241154,90.11677555237605
2022-04-29,50.85168868651336,90.49581595600597
2022-05-02,51.594149847335615,90.94651779988688
2022-05-03,51.02112347757357,89.35261932960522
2022-05-04,51.05462905534043,89.47428753478998
2022-05-05,49.22496749308343,87.21694222002048
2022-05-06,49.757043687432244,87.45024174824815
2022-05-09,50.11981579471892,88.06980252912983
2022-05-10,50.691260836492866,89.38863626533565
2022-05-11,50.71418967406659,89.40833904623658
2022-05-12,50.772083437090565,89.77958501379646
2022-05-13,51.24783849680803,89.4821315588661
2022-05-16,51.17736243260006,89.5641670851532
2022-05-17,51.64811228669769,90.00300323845158
2022-05-18,51.49028035298237,90.53353633698615
2022-05-19,51.44707505689938,90.21628385372816
2022-05-20,51.634899797064705,90.28467980440159
2022-05-23,51.27739080773562,90.53249360679142
2022-05-24,51.34967718103239,90.57080144119158
2022-05-25,50.86921086141656,89.52024687467835
2022-05-26,50.9995626083853,91.03485497893038
2022-05-27,51.02978143816751,90.49359227849186
2022-05-30,51.27988896137051,90.72050164668853
2022-05-31,50.76114973533083,90.42261327184818
2022-06-01,51.2085006382893,91.02417484599007
2022-06-02,51.000510643666615,90.7354134989161
2022-06-03,50.94894113466323,90.60251348225876
2022-06-06,50.88981844903287,90.43509564262177
2022-06-07,51.44305621457175,90.38839532920893
2022-06-08,51.712858818357546,91.83333443752322
2022-06-09,51.61264177152189,91.63260337205514
2022-06-10,52.136215663606855,92.49037145384892
2022-06-13,52.267975555526014,92.45171565953999
2022-06-14,52.3040040976106,92.30846499425827
2022-06-15,52.09756678993522,91.87429742665827
2022-06-16,52.35216835009041,91.28527138779552
2022-06-17,52.037665472852034,90.91393908899728
2022-06-20,52.93548485124923,91.57281487401197
2022-06-21,53.80509742174192,93.06219421789599
2022-06-22,53.50783644089716,92.12982027047568
2022-06-23,53.55250049408241,91.87150786444818
2022-06-24,53.13740582297153,91.00297413380397
2022-06-27,52.50529830995464,91.21342199797867
2022-06-28,52.17077233161426,90.43622390756983
2022-06-29,51.74232082519558,90.35093659801517
2022-06-30,51.45985002783128,90.62365350939643
2022-07-01,51.78081817938648,90.87320859372662
2022-07-04,51.602173719442234,89.96825930737579
2022-07-05,52.1771473199083,89.80122543026971
2022-07-06,51.874162702174786,89.99562887653437
2022-07-07,51.89446899036588,89.3523162677958
2022-07-08,51.999046283635295,89.67939176144523
2022-07-11,52.31388565660369,90.05749689779338
2022-07-12,52.38081235352006,90.34265730900124
2022-07-13,52.56034395338135,90.7866549427771
2022-07-14,52.636627485543144,90.36869302928051
2022-07-15,52.39761449932326,89.63213258451026
2022-07-18,51.72290789454027,89.39975198199413
2022-07-19,51.30628039236795,88.683989663804
2022-07-20,51.45317862633226,87.3780158047038
2022-07-21,51.341727416753216,87.6315162961769
2022-07-22,51.65436482583985,87.39767782927663
2022-07-25,51.17114661575882,87.21044180040288
2022-07-26,51.54470054795566,88.30684974170113
2022-07-27,51.48097123350885,88.27334264782182
2022-07-28,52.166881099402914,89.46525818809916
2022-07-29,53.20702557900241,90.54681447517845
2022-08-01,52.922616885497895,91.16114280904667
2022-08-02,52.897632123417004,90.5747672092222
2022-08-03,53.17216315957366,90.8469561885415
2022-08-04,53.22867497572904,91.28515777114333
2022-08-05,53.44177397300023,91.40012538075952
2022-08-08,53.82466734819238,92.41045228425754
2022-08-09,54.38186546832961,92.71553758637786
2022-08-10,53.47451813684946,93.03444375280952
2022-08-11,53.66572680928263,94.42064006583021
2022-08-12,53.552531839083365,94.48978798152493
2022-08-15,54.116528694716756,95.36930062974469
2022-08-16,54.92473062691944,96.853627445773
2022-08-17,54.046169082908335,95.33100709192779
2022-08-18,53.726180827364665,94.2891959468541
2022-08-19,52.94884746029677,94.26853512903217
2022-08-22,53.41716438022524,94.90093733352077
2022-08-23,52.695774050614844,94.08605200429547
2022-08-24,53.554308040189234,94.95423015707195
2022-08-25,53.65537562595899,93.71239120727725
2022-08-26,54.76488137347448,94.68978614532367
2022-08-29,55.08516669704859,94.58546862454635
2022-08-30,54.731358477807305,94.79126937149883
2022-08-31,55.263176915673974,95.88274084944518
2022-09-01,55.13939309139888,96.11555738121126
2022-09-02,54.271298351484866,95.53057407392303
2022-09-05,54.16701822300622,94.59046882494435
2022-09-06,54.46458015145805,95.23039575627183
2022-09-07,54.58365313462241,95.72357712973665
2022-09-08,54.591598750819436,96.46555145827183
2022-09-09,54.18833264822989,97.31892714885916
2022-09-12,54.386504897552335,96.54582967442852
2022-09-13,55.09223620958259,97.0291439530402
2022-09-14,55.449528509500865,96.9625180508265
2022-09-15,56.08256211946373,97.69110016023042
2022-09-16,56.26512003408839,97.89339411603682
2022-09-19,55.61933318888514,97.15751421529765
2022-09-20,55.92364915330097,98.06835615432134
2022-09-21,56.11434121189459,97.62380642505921
2022-09-22,57.35765560176643,98.22316902540862
2022-09-23,57.080664528075374,97.37831160404954
2022-09-26,57.129721611289405,97.23328835954352
2022-09-27,57.232066013069385,96.6317789354929
2022-09-28,58.345661664744064,97.65706358890763
2022-09-29,58.7707320212656,97.97093516949403
2022-09-30,58.38670446164842,97.17609951219205
2022-10-03,58.37751042674244,97.69657374394707
2022-10-04,58.80855956081301,98.07799082220188
2022-10-05,58.4353235798449,98.38058490736883
2022-10-06,59.62135388801531,99.38335409025835
2022-10-07,58.96679224317618,98.78870136739923
2022-10-10,57.17928343033263,96.82781516901419
2022-10-11,57.324153784512376,96.97801540761182
2022-10-12,58.87894899682537,98.85851250608505
2022-10-13,58.72210477040708,98.48946195633344
2022-10-14,57.73251857951108,97.90264793124517
2022-10-17,57.97832800343223,97.6740716070891
2022-10-18,57.72797518039027,97.90647539821093
2022-10-19,56.88935177990315,96.80313093397221
2022-10-20,56.633665249300016,97.07787080061617
2022-10-21,56.65400523026276,97.15197924682307
2022-10-24,56.40590098080478,97.82399052094404
2022-10-25,58.25481323257521,98.92978117670222
2022-10-26,57.941179164902465,97.78039839106435
2022-10-27,57.6115748660734,97.13250209869943
2022-10-28,57.76593642689433,96.48812281604575
2022-10-31,57.34110541137881,95.3166312976526
2022-11-01,58.02644344113199,96.31773016271697
2022-11-02,58.05116743898034,96.3571503224485
2022-11-03,57.964854974176596,96.02030068867276
2022-11-04,57.41227038081248,95.3131131893144
2022-11-07,56.89899199940393,94.52196216605437
2022-11-08,57.25495321920198,95.8020755468109
2022-11-09,56.808933624270885,94.98799089940583
2022-11-10,57.004474155535945,94.43329305274281
2022-11-11,57.15849178555863,95.04355140827919
2022-11-14,57.01636408995869,94.80954100930006
2022-11-15,57.224863458671294,96.17896060846235
2022-11-16,57.466979747288995,96.11834823318341
2022-11-17,57.85286965525953,96.98044781229798
2022-11-18,58.36670741955838,98.10330444523339
2022-11-21,59.48867661634005,98.8532554400078
2022-11-22,59.171278509863726,98.14230132985007
2022-11-23,59.094349284587,98.52830856230155
2022-11-24,59.39263533237502,99.16140660665376
2022-11-25,58.492348747982305,97.51525971254895
2022-11-28,58.037359271491596,96.45733107169445
2022-11-29,57.51615362418242,94.53224859738134
2022-11-30,57.74692123902123,95.09746103206662
2022-12-01,56.54749037731085,93.88071533687516
2022-12-02,56.30863121337543,93.59004867523247
2022-12-05,57.02667715863402,93.31535426542969
2022-12-06,57.55736121079287,93.19680886856013
2022-12-07,57.380808555099094,92.7909521435269
2022-12-08,57.394140357706206,92.44705336739743
2022-12-09,57.410837717088036,92.54569667591726
2022-12-12,56.74542865675466,92.2982425852646
2022-12-13,57.16942452196398,93.95289325285886
2022-12-14,57.33536852761091,94.11039274783455
2022-12-15,57.352407847499045,94.77442332880155
2022-12-16,57.76806589488931,94.6991965568209
2022-12-19,58.13241168038409,94.09493962097997
2022-12-20,57.87358627232679,93.68444120075475
2022-12-21,57.999729019330324,92.91739644164578
2022-12-22,57.66837406149434,92.65219767061566
2022-12-23,58.034118437947335,92.5600537064809
2022-12-26,58.21818588189876,91.65470648050102
2022-12-27,58.202120930573464,92.61381631815682
2022-12-28,57.947339863057465,92.1106447683777
2022-12-29,58.486280273499666,91.69518618463897
2022-12-30,58.23432162809081,91.99041104064966
2023-01-02,58.41414595937988,91.76288960173981
2023-01-03,57.883121441374655,91.9226598250516
2023-01-04,57.725591605142476,91.39895806941945
2023-01-05,57.3388662824549,90.78383926155627
2023-01-06,57.72785913071399,91.32856477627908
2023-01-09,57.91091136308716,91.83117687632247
2023-01-10,58.087134024438626,92.42666074594187
2023-01-11,58.601518239430675,92.84553999597087
2023-01-12,58.57249341116015,93.13329525490707
2023-01-13,58.64902771826274,93.63551043878745
2023-01-16,59.208912751157115,94.25855322716711
2023-01-17,59.75184048903985,94.67210171334463
2023-01-18,59.73779223773775,93.85781937822226
2023-01-19,59.881147210130415,94.33789275034111
2023-01-20,60.53103100059922,94.9437433698384
2023-01-23,61.05807199101319,95.18177971368296
2023-01-24,62.06365494605163,96.79270339240868
2023-01-25,64.3074005238292,97.90744349966022
2023-01-26,63.34196509509267,98.08437859004803
2023-01-27,62.41118584767372,97.29817137457934
2023-01-30,62.590335765856594,97.65660536572055
2023-01-31,61.92368544296506,96.87258684306695
2023-02-01,63.25086371843509,97.06492035466
2023-02-02,62.50163464702234,96.37065323956871
2023-02-03,62.87170922979296,96.89732277180802
2023-02-06,63.25610526990795,97.63568412785666
2023-02-07,63.29737935459839,97.57423918513135
2023-02-08,63.46288128834906,96.45046017968453
2023-02-09,63.99506037728378,96.0224278051486
2023-02-10,63.91985269400588,97.16180610329627
2023-02-13,63.72288044031161,96.37964689160185
2023-02-14,63.59760237276698,97.11993957395055
2023-02-15,62.94102396603225,96.04358915743676
2023-02-16,63.46619618974637,96.39841234628534
2023-02-17,63.251884007683444,96.60027193506717
2023-02-20,62.762375824734896,95.73303016634708
2023-02-21,63.19842669071839,97.03255789344394
2023-02-22,63.05268259386499,96.97297951072198
2023-02-23,63.260823329220926,97.43657711745384
2023-02-24,63.062577975899416,97.13167665622167
2023-02-27,63.00692308143486,97.48785150177643
2023-02-28,63.05883746851018,98.47500641622521
2023-03-01,63.5143278394374,98.80835192601432
2023-03-02,63.26158158467958,99.63731741895155
2023-03-03,63.391055166774045,99.40377514621375
2023-03-06,63.3137310929924,99.81269137704135
2023-03-07,63.775334499966604,100.52581196248423
2023-03-08,64.1937585677962,100.26414394409409
2023-03-09,64.30073668978164,100.5047203954409
2023-03-10,64.15350248675666,100.40268996482315
2023-03-13,63.16254572575145,99.05580684625419
2023-03-14,63.22310951303914,99.34063046871536
2023-03-15,63.43543500824077,99.63118504565284
2023-03-16,63.89924561802383,100.00837121265438
2023-03-17,64.16551302574287,100.21642650202209
2023-03-20,65.1330148951704,101.01344380466277
2023-03-21,64.79513563179124,100.5225853898659
2023-03-22,64.94679962823949,100.75643839672239
2023-03-23,64.59207218063263,100.08464646690037
2023-03-24,64.54855432358545,101.66301170766916
2023-03-27,65.5638059497447,101.7031353414277
2023-03-28,66.67758824895064,102.31689874852104
2023-03-29,66.56597517795522,101.93268757593043
2023-03-30,66.65803182118577,103.27856362500911
2023-03-31,66.67856917741332,102.49867075825132
2023-04-03,66.87160700577616,102.94431566697003
2023-04-04,67.73174967605361,103.84660137494856
2023-04-05,66.52190024989758,103.05501108339712
2023-04-06,66.54493402971646,103.85971626149491
2023-04-07,65.98689500694029,104.15911602142441
2023-04-10,66.58017354614675,104.41318393109651
2023-04-11,67.44548301726614,105.30196792731017
2023-04-12,68.56253415168081,105.10448915637627
2023-04-13,68.85413526264261,105.43385986354363
2023-04-14,69.15417557913128,105.20535893254565
2023-04-17,68.91214645220566,104.90623788348172
2023-04-18,68.5230978845227,103.54064228517996
2023-04-19,68.76440721464883,104.01341929335881
2023-04-20,69.26761631586884,103.3940627753592
2023-04-21,69.18760480304311,103.44104490888711
2023-04-24,68.88845595281438,102.45451859561156
2023-04-25,68.68515056769095,101.78641059248051
2023-04-26,68.97917807136253,102.75163417720887
2023-04-27,68.58931693539054,102.8152354720389
2023-04-28,68.77195428682417,103.69530721017395
2023-05-01,68.0442737496607,104.08300082895714
2023-05-02,68.05326253637021,103.6287434649961
2023-05-03,67.95047540845405,104.49540247848557
2023-05-04,68.57528391266399,104.12593259699874
2023-05-05,69.2379997426651,105.16634187892129
2023-05-08,69.65864363613926,105.22748630241298
2023-05-09,68.65423484873112,103.8266709391515
2023-05-10,69.10082350063034,104.60168636591034
2023-05-11,69.61888452787623,105.6469873236077
2023-05-12,69.19602887452665,105.89536180466408
2023-05-15,68.28837840841456,105.28908548663634
2023-05-16,68.4638793431711,105.54233123985455
2023-05-17,69.69273283549731,106.93898472290194
2023-05-18,69.25567601097686,106.78642838621366
2023-05-19,69.06729310502733,106.9948835820109
2023-05-22,69.77717102225004,107.75207897324005
2023-05-23,69.79445046831182,108.33317554641995
2023-05-24,69.94729817665615,107.4276441323728
2023-05-25,69.89385558243151,107.31937174960638
2023-05-26,70.67062860861978,107.10574248765565
2023-05-29,70.61722845854865,107.26046969571699
2023-05-30,70.85844562116544,108.5401185399012
2023-05-31,70.71617776540857,108.13322494416701
2023-06-01,71.75194864213543,109.10851011235818
2023-06-02,71.42240016770015,109.34994906140842
2023-06-05,72.28069929899948,108.73793235159044
2023-06-06,72.25362004921402,108.39663497678333
2023-06-07,72.32720120496779,108.71610145889674
2023-06-08,72.1964811593142,106.74007684986624
2023-06-09,74.61229927646004,108.10027553337727
2023-06-12,74.10067308898392,108.42822222511262
2023-06-13,74.45621261294481,109.38856174718154
2023-06-14,74.07891743725594,109.35124609885824
2023-06-15,72.72871040464818,108.85572684165668
2023-06-16,73.15765486333905,109.37109924593875
2023-06-19,71.33139078463564,108.25578717263863
2023-06-20,70.3418133243776,107.24640483198998
2023-06-21,71.00883695129609,107.9017134850974
2023-06-22,74.82608303380384,110.70417065173694
2023-06-23,74.7595884237209,111.51144091192063
2023-06-26,75.6009144724535,113.24197819735566
2023-06-27,75.40820805209658,114.04345158931841
2023-06-28,76.38736036359192,114.60145795335426
2023-06-29,76.47772987356322,114.04312300292159
2023-06-30,76.63228810634945,115.06647397335573
2023-07-03,77.42904650697224,116.12300086748677
2023-07-04,77.0736821550423,116.08203899703355
2023-07-05,76.83936524139207,115.46983570687486
2023-07-06,76.85042649281922,115.79697987845262
2023-07-07,77.24379573604973,115.39210507255852
2023-07-10,77.4158045360812,115.99550546306352
2023-07-11,77.95764771406363,117.42489963044855
2023-07-12,76.96506958758582,117.77523947182831
2023-07-13,77.88405144200992,119.07291998489258
2023-07-14,78.06504151877914,118.26155505066663
2023-07-17,78.6361592212478,118.9010824988321
2023-07-18,78.58582524387158,120.40946670318684
2023-07-19,78.96075022846159,120.1219679760797
2023-07-20,78.25777370684214,119.51515232845044
2023-07-21,77.66153530182144,120.05186491908036
2023-07-24,77.59158479945191,120.46093122440686
2023-07-25,77.01247340353368,121.78310632718494
2023-07-26,77.33891168542493,121.55587221037479
2023-07-27,78.78567714848275,122.10897803364776
2023-07-28,79.46119033085074,123.60609345289053
2023-07-31,79.28127895335246,122.58998343246297
2023-08-01,79.76768029920149,122.88342907313901
2023-08-02,81.12236229501124,124.00740501858567
2023-08-03,80.5277255442297,124.30308457461973
2023-08-04,81.22011447928931,125.3739042737275
2023-08-07,81.14194379354666,125.67643644038094
2023-08-08,80.77255403488732,125.08344478455935
2023-08-09,81.29647606683757,126.46655958826535
2023-08-10,81.2428773730665,129.50078698819902
2023-08-11,80.78672699201118,129.66391067186785
2023-08-14,80.88178562110281,129.85130057368735
2023-08-15,81.10571739451441,129.06382630993122
2023-08-16,80.13725456533489,127.74836915131654
2023-08-17,79.55921341570709,127.1033053187723
2023-08-18,79.78621393258747,126.92048927336008
2023-08-21,79.53141430020011,126.71070134787281
2023-08-22,78.209747001246,126.92966984130788
2023-08-23,77.27341774550618,127.06908764939675
2023-08-24,77.68078313288103,127.34183647055954
2023-08-25,77.35489915167788,126.15029605542172
2023-08-28,77.16625157259611,127.01857659813398
2023-08-29,77.64809071254773,127.44281451339701
2023-08-30,78.28647705142147,126.72439905196042
2023-08-31,77.82231418211167,126.87819358505845
2023-09-01,78.03872727816494,127.87844975867704
